artist_id,name,note,role_count,roles
7,张云柯,,1,彩票迷
8,蔡缤,,1,张庆生
16,金圣权,,11,哈姆雷特 / 穆尘 / 德米特里 / 高觉新 / 蒋牧歌 / 皮埃尔 / 李二狗 / 王一民 / 常卫国 / 苏郁 / 罗切斯特
17,郑棋元,,7,克劳狄斯 / 程婴 / 宋丹萍 / 李想 / 何非 / 王卫国 / 高启强
18,朱梓溶,,2,葛楚德 / 程妻
19,朱芾,,7,葛楚德 / EMMA / 晋国公主 / Mandy / 戴安娜 / 长公主 / 李宁玉
20,余思冉,,17,奥菲莉娅 / 女神 / Pluto / 朱丽叶 / WOMAN1 / 玛丽亚 / 乔安 / 三圣母 / 辛克莱 / 伊谷夏 / 艾蒂丝 / 幸存者 / 武明空 / ABBEY / 格雷琴 / Anna / 简·爱
21,林润欣,,12,奥菲莉娅 / ALICE / 薛宝钗/有缘人 / 白狐 / 黛尔德拉 / 贝拉 / 李玉屏 / 向阳 / 阿玖 / 黛娜&玛莎 / 石瑶 / 上官婉儿
22,庞盛之,,6,波洛涅斯 / Jason / 所有嫌疑犯 / 公孙杵臼 / 吉米·马丁 / 丁钾
23,赵禹钧,,12,波洛涅斯 / 老哈姆雷特灵魂 / 张纮 / 公孙杵臼 / 王天风 / 尼姆 / 丹 / 炳三 / 闫先生 / 贾政/有缘人 / 老鳖 / 斯蒂芬&费尔南多
24,胡超政,,9,赖尔蒂斯 / 高宫诚 / 巴兹尔·霍尔沃德 / 魏绛 / 超 / 向晓辉 / X-光明 / 周瑜 / Hans
25,徐泽辉,,17,赖尔蒂斯 / 怀恩 / 奥尔森 / MAN1 / 李煜 / 罗密欧 / 哈姆雷特 / 杨戬 / 威廉 / 江清源 / 汉王 / 理查德 / 高景行 / 伊万 / 丹尼尔 / 穗生 / 白老师
26,胡芳洲,,11,老哈姆雷特灵魂 / 丁宁 / 李景遂 / 父亲/博士 / 铃木 / 大金乌 / 侯公公 / 贾政/有缘人 / 姜大海 / 降临道令 / 郭婆带
27,殷浩伦,,9,霍瑞修 / 乔班尼 / 陆光 / 李功一 / 莫德雷/奥德修斯 / 奥尔森 / Alex / 托里 / 武耀
28,刘锦,,1,霍瑞修
29,阿云嘎,,4,魅影 / 埃德蒙 / 肥原龙川 / 吴志国
30,刘令飞,,14,魅影 / 大庭叶藏 / 太宰治 / 桐原亮司 / 辛克莱 / 伊万 / 理查德 / 内森 / 老白 / 1900 / 玉旨一郎 / HEDWIG / 高启强 / 肥原龙川
31,何亮辰,,10,魅影 / 尤金 / 屠岸贾 / 魏绛 / 莫顿 / 安德烈 / 王一民 / 丘神纪 / 郑一 / 肥原龙川
32,杨陈秀一,,1,克里斯汀·戴伊
33,潘杭苇,,3,克里斯汀·戴伊 / 盖亚 / 芸娘
34,林韶,,1,克里斯汀·戴伊
35,赵超凡,,10,劳尔·沙尼子爵 / MAN1 / 明台 / 白鸽 / 埃德蒙 / 汤川学 / 约翰·浮士德 / 齐乐山 / 林深 / 吴起铭
36,马添龙,,6,劳尔·沙尼子爵 / 梁德荣 / 魅影 / 莫顿 / 王一民 / 聂律师
37,李宸希,,7,劳尔·沙尼子爵 / 李白 / 谢雁 / 费尔南 / 谢平遥 / 王宁父亲 / 剑臣
38,周孟涛,,1,卡洛塔·朱迪切利
39,杨丽莹,,1,卡洛塔·朱迪切利
40,李忻润,,1,乌巴尔多·皮安吉
41,王峙儒,,3,费尔曼先生 / 斯吉瓦 / 金生火
42,吴勃臻,,9,安德烈先生 / 李队 / 董事长 / 马梦得 / 郑千里 / 赵显坤 / 老鳖 / 玄宗 / 黑衣人
43,陈沁,,5,吉瑞夫人 / 阿珍 / 高淑平 / 钵里公主 / 神婆
44,樊苏颐,,5,梅格·吉瑞 / 戴望星 / 莫丹华 / 夜凌霄 / 云清
81,郑欣闻笛,,1,李瑞珏
95,夏振凯,,11,梁德荣 / 赵显坤 / 维尔福 / 伽利略 / 李伟民 / 刘玉堂 / 孔洙 / 姚远 / 齐乐山 / 苏东坡 / 肥原龙川
96,徐瑶,,9,郑若兰 / 蒋歌 / 漼时宜 / 梅茜苔丝 / 花冈靖子 / 秦岚 / 女神 / 如花 / 顾小梦
97,蔡忻如,,13,郑若兰 / 吴夫人 / 狄俄尼索斯 / 南妮尔·莫扎特 / ALICE / 皓如 / 陈麦/沈曼 / 艾米&老板娘 / 梅瑞狄斯 / 拉斐尔 / 海伦 / 柳絮影 / 太平公主
98,崔秀丽,,7,琴心 / 王小亚 / 姜落声 / 尹心惪 / 伊谷夏 / 茱莉娅 / 周会珍
99,方芳,,1,琴心
100,孙尧,,1,梁二娣
101,常进,,3,梁二娣 / 陈华顺 / 李振兴
102,赵穆宸,,12,陈华顺 / 张总 / 黑狐 / 列车长 / 斯吉瓦 / 老板 / 蒋牧守/原野 / 董事长 / 齐乐山 / 张首席 / 姜宁 / 玉旨一郎
103,王博文,,2,李舜元 / 黎明
104,黄天宇,,11,胡永贵 / 黄盖 / 曹操 / 阿财 / 王安石 / 吴修竹 / 陈记者 / 张良 / 老黄 / 王克航 / 启玄子
105,刘一谷,,9,杨天奇 / Stevie / 巴萨尼奥 / 赵嘉明 / Chi Chi / 飞龙 / Doris / Lucas / 张衡
106,许乐,,4,混天龙 / 咸鱼强 / 许连城 / Klabb
107,梁文瀚,,1,混天龙
109,黄渤,,1,蝙蝠
137,潘斌龙,,1,蝙蝠
138,单冠朝,,3,蝙蝠 / 黑衣人 / 金生火
139,周可人,,4,马进 / 小兴 / NoVA / 马库斯警官
140,傲日其愣,,1,马进
141,王天放,,1,马进
142,蓝盈莹,,1,姗姗
143,严小北,,19,姗姗 / LIZZIE / 艾丽莎 / 拉拉 / 娜塔莉 / 梅依 / 洙英 / 乔暖暖 / 思诺 / 琳 / 贝拉 / 戴望星 / Mary / 陆安宁 / PB / 乔安娜 / 红莲 / 苍 / 大顺凡
144,陆宇鹏,,6,小兴 / 孙晓鸥 / 这个男的 / 付平安 / 浩宇 / 刘文山
145,张伦硕,,1,张总
146,姜昊旻,,1,张总
147,周国帅,,7,小王 / 米店沈老板 / 小烟囱 / 王爷 / 丧坤 / 多功能 / 陆成音
148,张祐维,,1,小王
169,王艺瑾,,1,苏筱
170,潘艺琳,,5,苏筱 / 邱倩 / Julie / 羽贯小姐 / 秋涵
171,明家歆,,15,苏筱 / ALICE / 瓦伦缇娜 / 李瑞珏 / 李雨墨 / 孔柳 / 霍梅 / 淑贤 / 徽因 / 闻染 / 王淑贤 / 卢淑娟 / 罗珠珠/王晓娟 / 孟潼/小月 / 王弗
172,甘泉,,3,赵显坤 / 徐知平 / 紧那罗
173,孙圣凯,,5,夏明 / 费尔南 / 维尔福 / 齐乐山 / 黑衣人
174,周默涵,,19,夏明 / 沈翊 / 卢凌风 / 贝内代托 / 海 / 老板 / 丁之遥 / 沉香/刘彦昌 / 那个男的 / 袁永定 / 陈季常 / 李家辉 / 林深 / 园村友彦 / 筱冢一成 / 李二狗 / 秦川 / 羊公子 / 英祖
175,桑可舟,,17,徐知平 / 张局/雷队 / 周巡 / 陈明章 / 法里亚 / 父亲/博士 / 休·戴克 / 李建国 / 富樫&工藤 / Champ / 刘云天 / 这个男的 / 高老爷 / 辜鸿铭 / 乔治 / 卓生发 / 说书人
176,张珑腾,,2,徐知平 / 张璪
177,孙葛川野,,8,黄礼林 / 贝尔图乔 / 尼古拉斯 / 高畅 / 财哥 / 小宇 / 仲禹 / 金生火
178,郝晓辉,,11,黄礼林 / 张局/雷队 / 赵铁民 / 法里亚 / 休·戴克 / 杰弗瑞 / 肖胜利 / 阿狗 / 二叔 / 陆子野 / 树百
184,刘福安,,1,王超英
185,黄绮雯,,1,南诗琴
186,张微,,1,南诗琴
187,朱兴东,,1,金顺
188,秦荣,,1,肖彰
189,陈治佐,,4,陆逊/陆康 / 刘备/孙策 / 原康孝 / 王云生
192,王书琦,,6,宇柏 / Teddy / 石头 / 特斯拉 / 尤安 / 小亚
194,刘晓邑,,2,李弘冀 / 魅
201,孙浩程,,1,胖子
202,老孙（孙中泽）,,1,疯子
205,张智涵,,15,Oscar / 杨晓宇 / MAN1 / 李从嘉 / 开普勒 / 哈姆雷特 / 杨戬 / 秦风 / J / 江清源 / 风舞阳 / 李功一 / 李饼 / 安宁 / Eggy
210,姜均,,5,多功能 / 亡魂（玉钩） / 魑 / 多功能 / 歌队
211,徐均朔,,6,小六 / 郑微岚 / 辛克莱 / 程勃 / 加布 / 1900
212,郭虹旭,,12,小六 / 关宏宇 / 奥尔森 / 阿辽沙 / 埃里克 / 格雷·亨特 / 秦风 / 陆光 / 阿娟 / J / 程小时 / Pluto
213,傅祥安,,15,小六 / 李灵 / 陆鸣/陆石屹 / 付平安 / 汪汪 / 詹姆斯 / 疯子 / 醉仙 / 野狼 / 吴名士 / 迟老师 / 降临道令 / 许忆 / 李响 / 顾承叙
214,舒荣波,,11,小六 / Stevie / 比利 / 郑微岚 / 蛰生 / 刘子行 / 阿辽沙 / 程小时 / 付平安 / 有缘人/蒋玉菡 / 托里
215,马良,,5,张忠礼 / 刘锦荣 / 余西 / 闫先生 / 杨自道
216,李秋盟,,15,张忠礼 / 关宏宇 / Chi Chi / Oscar / 克雷加德 / 余西 / NoVA / 唐仁 / 咸鱼强 / 杨自道 / 醉仙 / 马醉灯 / 守塔人 / 西蒙 / 麦克/托马斯
217,孙金瀚,,7,张忠礼 / 哈利 / 野狼 / 波特 / 说书人 / 勺子 / Multi Man
218,刘浩冉,,17,大莲 / 凯莉 / 阿尔东莎 / 西比尔·韦恩/夏罗·韦恩 / 朱丽叶 / Sai青年 / 娟然 / 夏光 / 李小姐 / 盖亚 / 王熙凤/有缘人 / 何初洋 / 贞娘 / YITZHAK / Sara / 石香姑 / 艾伦&伊娃
219,李梓溪,,11,大莲 / Deb / 简 / BRIDGET / 李雨墨 / 艾丽莎 / 思诺 / 李默 / 杨漫/法医/杜梅 / PB / 虫娘
220,张梦嫣,,5,大莲 / WOMAN2 / Mandy / 洪瑛 / NoVA
221,蛋蛋,,9,肖傻子 / 奥尔森 / 罗密欧 / MAN2 / Stevie / 学长 / 秦风 / 姜义俊 / 陈比觉
222,徐奕然,,10,肖傻子 / 蒋峰 / 穆尘 / MAN1 / MAN2 / 黑皮 / 马库斯警官 / 辛克莱 / 陈比觉 / 风树
223,徐杭,,18,肖傻子 / 叶方舟 / 埃里克 / 卡路 / 亡魂（梧桐） / 李从嘉 / 哮天 / 魍魉 / Doris / Richard / 孔繁星 / 梅霜花 / 雕像 / 维塔 / 斯乜尔加科夫 / 石头 / 小天鹅 / 小六
224,李泽熙,,8,胖子 / 姜大海 / 陈潇/陆鸿斌 / 卓生发 / 多功能 / 汪达富 / 男人 / 阿强
225,吴锦铎,,4,德华 / 建平 / 多功能人（贾斯帕） / 刘白
226,崔承宇,,10,德华 / 怀恩 / 潘佑 / 怀特·希斯曼 / 萧瑟 / 龙 / 赫兹 / 猛刀 / 诸葛青 / 张万保
227,赵丹霓,,3,白老师 / 刘福春奶奶 / 老妪
228,周钰斐,,4,白老师 / 布兰琪&爱塔 / 亡魂（寒雨） / 罗纳德
229,恩妤,李恩妤,6,宋荷 / Amanda / 林贞/陈潇妈 / 李默 / 罗纳德 / Agatha
230,黄可,,19,宋荷 / Claire / 布兰琪&爱塔 / Julie / 狄俄尼索斯 / 她 / 露露 / 玛莎 / 向晓玲 / Shirley / 贝拉 / 岛衣织 / 珍妮/瓦利 / 黛西 / 林正民/金夏温 / 阿莉娅 / 赛琳娜 / 玛丽·简 / 红
231,王皓,年轻,1,多功能
232,吴志军,,13,多功能 / 辛吉 / 李弘冀 / 大金乌 / Brandon / 德华 / 江清源 / 风舞阳 / 理查德 / 袴田亮 / 阿努比斯 / 比尔 / 德厚
233,杨济连,,7,多功能 / May / 杨漫/法医/杜梅 / 风莎燕 / 黛尔德拉 / 夏禾 / D
234,张睿姝,,2,多功能 / 林贞/陈潇妈
235,赵雅妮,,3,多功能 / 多功能人 / 女孩
236,周显波,,5,多功能 / 多功能人女 / Ensemble / 多功能2 / 天使
237,王典,,1,多功能
238,赵钱龙,,15,多功能 / 爱德华 / 卡路 / 李从善 / 明台 / 松耀 / 哮天 / 魑 / 多功能 / 叶思源 / 江清源 / 朱瞻基 / 内森 / 荷鲁斯 / 查理&科林
239,霍泽安,,13,多功能 / 阿波罗 / 铃木 / 林先生 / 魍魉 / 怀特·希斯曼 / 孔繁星 / 龙连营 / 歌队 / 雕像 / 维塔 / 科明斯基 / 葵哥
242,丁伟,,11,张局/雷队 / Hucklebee / 孙红运 / 笹垣润三 / 张纮 / 许维邦 / Dennis / 贺知章/右相 / 卢运启 / 玉旨雄一 / 智积禅师
250,汤爱民,,1,谢麦伦
256,张泽,,16,沈翊 / 斯乜尔加科夫 / 周生辰 / 道林·格雷 / K / 启夏 / 十二少 / 辛小丰 / X-黑暗 / 梅霜花 / 李泌 / 贾宝玉 / 肥原龙川 / HEDWIG / 瓦伦蒂诺/贾科莫 / 亨利&怪物
257,高杨,,17,沈翊 / 霍姆斯 / 乔班尼 / 石头 / 秦风 / Jervis / 靳天青 / 窦豆 / 林深 / 贾宝玉 / 常卫国 / 学长 / 本杰明·巴顿 / 白玉竹 / 留仙 / 天青 / 罗切斯特
258,郑艺彬,,13,沈翊 / 阿辽沙 / 卢凌风 / 园村友彦 / 陆光 / S / 霍夫米勒 / 闪电 / 范·米格伦 / 波多野祥吾 / 李饼 / 金祐镇 / Brandon
259,毛二,,24,沈翊 / 爱德华 / 江阳 / 王升 / 周瑜 / 刘子行 / 高觉慧 / 高觉新 / 内森 / 理查德 / 石神哲哉 / 秦风 / 乔纳森 / 辛克莱 / 幻影 / 海曼 / 威廉 / 风舞阳 / 陆行知 / 波多野祥吾 / 张山山/吴嘉 / 辛克莱 / 格雷·亨特 / 罗切斯特
260,蔡淇,,14,沈翊 / 林安邦 / 关宏宇 / 戈布 / 筱冢一成 / 杨晓宇 / 李从善 / 怀恩 / 沉香/刘彦昌 / 程小时 / 幻影 / 蒂姆 / Raptor / 波多野祥吾
261,郭嘉轩,,17,沈翊 / 霍姆斯 / 托尼 / Raptor / 斯乜尔加科夫 / Sonny Boy / 神秘男子 / 义信 / 郑微岚 / 姜义俊 / 霍夫米勒 / 刘子行 / 张山山/吴嘉 / 黄新泽 / 幸存者 / 高启盛 / Herman
262,舒杨,,19,沈翊 / Matt / 丹尼尔 / 易浩瀚 / 格雷·亨特 / 江阳 / Stacce / 董斯云 / 纳尔齐斯 / 荆轲 / 怀特·希斯曼 / 路西法 / Johnny / 崔民国 / 高衙内 / 凯尔 / 来俊臣 / 方崇心 / 奇幻
263,瞿艺,,7,沈翊 / 夏冬青 / 李白 / 爱德蒙 / 埃里克 / Drew / Nathan
264,相征,,25,沈翊 / 格雷·亨特 / 怀特·希斯曼 / 埃里克 / 雷无桀 / 巴沙 / 李丁一 / 理查德 / 内森 / 草薙俊平 / 歌尔德蒙 / 爱德华 / 辛吉 / 辛克莱 / 海曼 / 爱德蒙 / 提奥 / Alex / 画商/埃贡·席勒 / 朴智錫/尹书恩 / 莫迪里阿尼/艺术家 / Nathan / Jack / 奇幻 / A
265,姜彬,,8,杜城 / 严良 / 维尔福 / 詹姆斯 / 超 / 尤金 / 关静年 / 郑千里
266,施哲明,,12,杜城 / 关宏峰 / 闪电 / 怀亚特 / 金海鸣 / 莎士比亚 / 独孤月 / 义信 / 老白 / 黄谦富 / Richard / 本杰明·巴顿
267,胡迪,,22,杜城 / 怀亚特 / 德米特里 / 江阳 / 巴兹尔·霍尔沃德 / 伽利略 / 明诚 / 葛生优 / 巴沙 / 义信 / 李轩 / 猛刀 / 约翰·浮士德 / 龙波 / 陆行知 / 西蒙 / 休·戴克 / Michael / Richard / 李K / Herman / 李隆基
268,吴俊鹏,,11,杜城 / 梁毅 / 查尔斯 / 怀特·希斯曼 / Michael / 严良 / 朱伟 / Drew / 疯子 / Tony / 陆子野
269,徐昊,,26,杜城 / Chi Chi / 怀特·希斯曼 / 严良 / 伊万 / 德米特里 / 理查德 / 汤川学 / 纳尔齐斯 / 庭宇 / 周生辰 / 人杰 / 德米安 / S / X-黑暗 / 张小敬 / 张山山/吴嘉 / 九贺苍太 / 尤金 / 肥原龙川 / 齐乐山 / 丘神纪 / 周瑜 / 白玉竹 / 剑臣 / B
270,王瀚宇,,16,杜城 / 怀特·希斯曼 / 德米特里 / NoVA / 汤川学 / 格雷·亨特 / S / 纳尔齐斯 / 蝎子 / 莫迪里阿尼/艺术家 / 范·米格伦 / 约翰·浮士德 / 奥尔菲斯 / 庭宇 / 金祐镇 / Herman
271,丁臻滢,,12,蒋歌 / Luisa / 白狐 / EMMA / 海蒂 / 格洛瑞亚 / 如花 / 苏梦蝶 / 顾小梦 / 黛西 / MARGARET / 陈书婷
272,江南,女演员,3,蒋歌 / 李静 / 叶莲娜
273,丁汀,,3,蒋歌 / 玲玲 / 韩爱珍
274,张沁丹,,23,蒋歌 / 克莱尔 / 恒子 / 沈文君 / 桐原弥生子/花冈夕子 / EMMA / 布兰登夫人 / 南田洋子 / Justice / 李月圆 / 庭宇 / 程佳文 / 阿曼达 / 疯子 / 辛西娅 / 王熙凤/有缘人 / 李玉屏 / 德米安 / MARGARET / 风 / 安妮 / 王昭君 / 孟潼
275,申霓,,11,范若瑄 / EMMA / 南田洋子 / 她 / 戈布 / 吴丽华（Emma） / 夜凌霄 / 乔安娜 / 老汉 / 风 / 玛丽（马克）
276,覃子瑄,,1,范若瑄
277,莫海婧,,7,范若瑄 / 姜落声 / 克莱尔 / Sherrie / 李静 / 梦露 / 李心儿
278,于佳鑫,,12,范若瑄 / 王小亚 / 玲玲 / 海蒂 / 杜海燕 / 晓曼 / 楚楚 / 苏梦蝶 / 苏筱 / 柳絮影 / 海伦 / 老汉
279,杨琳,,5,范若瑄 / 李静 / 克莱尔 / 白警官 / 伊敦
280,赵雨卉,,23,范若瑄 / 沈文君 / Sara / ALICE / 伊敦 / 艾丽莎 / Regina / 渡渡鸟 / EMMA / 曼曼 / 阿曼达 / 程佳文 / 莉莉丝 / 谢宛宁 / Jo / 林若南 / ELSPETH / 孟潼/小月 / 安妮 / 周舒珩 / 红 / 杨玉环 / 孟潼
281,蒋倩如,,13,瞿蓝心 / 王宁 / 花冈靖子 / 明镜 / 李小姐 / 陈麦/沈曼 / 幻影 / 闻染 / 卡司 / 李宁玉 / 王弗 / 高五娘 / 艾伦&伊娃
282,王子浠,王芯芯,9,瞿蓝心 / El Gallo / 丹尼尔 / Narrator / 老板 / 影子 / 爱德华 / 阿曼达 / 疯子
283,陈希琰,,4,瞿蓝心 / 玲玲 / 内海薰 / 莫丹华
284,陈旭,,24,瞿蓝心 / 克莱尔 / 艾芙琳 / 艾米&老板娘 / 梅瑞狄斯 / 玲玲 / 唐泽礼子 / 明月 / 露露 / 内海薰 / 拉斐尔 / 檀棋 / 闻染 / 珍妮/瓦利 / 风莎燕 / Agatha / 夏禾 / 桃桃 / 郑成浩/郑素熙 / 薛临 / 孟潼/小月 / 阳阳/李姐 / Poe / 顾乔
285,刘乙萱,,18,任晓玄 / 赵纫兰 / 玲玲 / 阿尔东莎 / LIZZIE / 南田洋子 / 艾芙琳 / 梅瑞狄斯 / 王雪英 / 德米安 / 林芬 / PB / 苟丹丹 / 于贝 / 安新荣 / 红莲 / 玛丽（马克） / 王昭君
286,湛嘉丽,,11,任晓玄 / 瑶 / 柳莺莺 / BRIDGET / 克莱尔 / 秀妍 / 貂蝉 / 小曼 / 符小莲/顾晓蕾 / 梦汐 / 樱草
287,陈玉婷,,22,任晓玄 / Luisa / 简 / 曼曼 / 朱丽叶 / 漼时宜 / 艾玛 / 思诺 / 黑发少女 / 贝拉 / Shirley / 辛辰 / 格雷琴 / 多琳 / 檀棋 / 女神 / 岛衣织 / 小顺凡 / 莉莉丝 / ABBEY / 艾米&玛丽 / 西施
288,王洁璐,,25,任晓玄 / ALICE / 周娥皇 / 艾丽莎 / 陈芸 / 李静 / 黑发少女 / 克莱尔 / 莫丹华 / LIZZIE / 莉莉丝 / 贝拉 / Abby / Jo / 桃桃 / 珍妮/瓦利 / ELSPETH / 阿莉娅 / 林若南 / 尹心惪 / 阿旭 / 孟潼/小月 / 白松 / 周会珍 / 红
289,周文嘉,,10,任晓玄 / 约瑟芬 / 大顺凡 / BRIDGET / 艾丽莎 / 瑞吉娜 / 小静 / 桃桃 / 纪小姐 / 任安然
290,钱安琪,,22,任晓玄 / 玛莎 / 梅瑞狄斯 / 曼曼 / WOMAN1 / 幸华公主 / 辛辰 / 思诺 / 乔苓 / 简 / 贝拉 / 矢代翼 / 波多野芳惠 / 皮皮 / 阿莉娅 / 许忆 / Julie / 辛克莱 / 孟潼/小月 / 阿旭 / 许夕燃 / 孟潼
291,刘晓,,10,任晓玄 / Ensemble / 玛莎 / Narrator / 冯宝宝 / 桃桃 / Greed / Agatha / 李季兰 / 黛安娜
292,倪晔,,7,梁毅 / 费尧多尔 / 李景遂 / 富樫&工藤 / K / 贺知章/右相 / 马丁·布雷德乌斯
293,孙豆尔,,9,梁毅 / 查尔斯 / 怀特·希斯曼 / 爱德蒙 / 阿波罗 / 明世隐 / 格雷·亨特 / 富樫&工藤 / 阿纳托利
294,张琦铭,,12,梁毅 / 炮弹 / 克雷加德 / 松浦勇 / 博士 / 桐原洋介 / 于格 / 船长 / 迟老师 / 麦克/托马斯 / 特瑞斯 / 顾承野
295,张云轩,,6,梁毅 / 张局/雷队 / 休·戴克 / 朱伟 / 大帝/道长 / 储君
296,刘政,演员,9,梁毅 / 科伦 / 陈明章 / 李建国 / 爱德蒙 / 多梅尼克/保罗 / Dennis / 李浩民 / Brandon
297,何铭海,,17,梁毅 / 乔纳森 / 查尔斯 / 爱德蒙 / 博士 / 姜大海 / 高栋 / Dennis / 李冬生 / 纳尔齐斯 / 威廉 / Johnny / 曹破延 / 梵高 / 龙波 / 迟老师 / 西蒙
298,刘官卫,,11,梁毅 / 炮弹 / 戈布 / Tom / 马克梵 / 康贝瑞拉 / 醉仙 / 拉乔·皮勒 / 托里 / 丹尼尔 / 陆羽
299,顾易,,21,蒋峰 / 爱德华 / 埃里克 / Jack / Michael / 江阳 / 孙策 / 辛吉 / 窦豆 / 亚瑟 / 明烈 / 学长 / 奥尔森 / 李轩 / 威廉 / 里奥 / David / 主宰/灵媒 / 李有锡/韩叙潾 / 奥尔菲斯 / 查尔斯
300,田野,演员,19,蒋峰 / 乔纳森 / 休·戴克 / Jack / 安普罗斯 / 岳军 / 查尔斯 / 纳尔齐斯 / 局长 / 爱德蒙 / Brandon / Johnny / 提奥 / 曹破延 / 莫迪里阿尼/艺术家 / 威廉 / 吴俊赫/朴宝拉 / Richard / 德米安
301,张旭辰,,12,蒋峰 / 本杰明 / 托尼 / 乔班尼 / 辰辰 / 内森 / 佟小贤 / 原康孝 / 莫德雷/奥德修斯 / 尤安 / Doyle / 刘白
302,杜航,,11,蒋峰 / 杰森 / 童桐 / Stevie / 威廉&斯特里夫 / 怀特·希斯曼 / 赵铁民 / 休·戴克 / 高渐离 / 孙红运 / 马子俊
303,刘钊,,8,蒋峰 / 李丁一 / 科伦 / 草薙俊平 / 李浩民 / 汤川学 / 格雷·亨特 / 太子
304,徐步超,,14,蒋峰 / 乔纳森 / 野狼 / 休·戴克 / Tom / Oscar / Michael / 赵铁民 / Brandon / Chad博士 / 无心 / 王升 / 莫德雷/奥德修斯 / 陆言/陆与舟
305,钱蒙楠,,25,蒋峰 / 多功能男 / 休·戴克 / 爱德蒙 / Tom / 多功能1 / 萧瑟 / 怀特·希斯曼 / 乔纳森 / 草薙俊平 / 董斯云 / 江阳 / 汤川学 / 托尼 / 格雷·亨特 / 乔纳森 / 德米安 / 崔器 / David / Daniel / 奥尔森 / 越冬 / 郑成浩/郑素熙 / 比尔 / Richard
306,彭筱涵,,3,李晗 / 梅瑞狄斯 / 艾玛
307,罗玉玲,,7,李晗 / 吴爱可 / 玛莎 / 贝拉 / 纪子小姐 / 小有真 / 李时愿
308,张雅琪,,3,李晗 / 公孙离 / Multi- girl
309,张艺,女演员上音,5,李晗 / 多功能3 / 吴爱可 / 钱雨霏/甜甜 / 伊敦
310,傅震华,,5,张局/雷队 / 高栋 / 李大山 / Pong / 黄志诚
311,张益群,,3,张局/雷队 / 高栋 / Pong
312,刘牧,,16,张局/雷队 / 浩宇 / 格雷·亨特 / 怀特·希斯曼 / 阿波罗 / 张超 / 休·戴克 / 金祐镇 / Lonny / 义信 / 安普罗斯 / Tony / 崔民国 / 老天师 / Richard / 佳贤
313,王明龙,,4,张局/雷队 / 陈明章 / 高栋 / 张超
314,毛寅东,,11,张局/雷队 / 野狼 / 杰弗瑞 / 休·戴克 / 博士 / 李建国 / 朱伟 / 疯子 / 卓先生/经纪人 / 路西法 / 崔器
315,周波,,11,多功能男 / 多功能人男 / 玛尼 / 哈利 / 岳军 / 多功能1 / 多功能人 / 陈潇/陆鸿斌 / 北哥 / 哈桑 / 多功能人
316,饶恒宇,,10,多功能男 / 格雷·亨特 / 怀特·希斯曼 / Jack / 多功能1 / 影子 / Multiman / 欧石楠 / 汪达富 / 王也
317,朱涵彬,,6,多功能男 / 乔纳森 / 陆光 / 向晓辉 / 高景行 / 尤安
318,潘珏辰,,10,多功能女1 / 玛莎 / 花冈美里 / 旧书市之神 / 贝拉 / 珍妮/瓦利 / 波多野芳惠 / 朴智錫/尹书恩 / 欧莉 / 阿旭
319,徐茜,,2,多功能女1 / 多功能人
320,叶嘉雯,,20,多功能女2 / Deb / 曼曼 / Sara / BRIDGET / 周女英 / 露露 / LIZZIE / 爱德华 / 矢代翼 / Abby / 判官/小鬼 / 于贝 / 窥梦人 / ABBEY / 欧莉 / 德米安 / 月娃 / 安妮 / 苍
321,卓群,,13,多功能女1 / 多功能女2 / 布兰琪&爱塔 / 梅瑞狄斯 / 约瑟芬 / 全场多功能人 / 狄俄尼索斯 / 费欧娜 / Regina / 内海薰 / 吴爱可 / 她 / C
322,毛珏懿,,8,李晗 / 多功能女2 / 柏玲 / WOMAN1 / 幸华公主 / 向晓玲 / 护士 / 陆安宁
323,邹子月,,7,多功能女1 / 布兰琪&爱塔 / 多功能3 / 舞女王氏 / 吴爱可 / 林贞/陈潇妈 / 多功能人
324,陈佳佳,,2,多功能女2 / Ensemble
333,刘阳,,9,El Gallo / 克雷加德 / Raptor / 塞万提斯/堂吉诃德 / 明楼 / 超 / 唐仁 / 马丁·布雷德乌斯 / 降临道令
345,祝颂皓,,21,El Gallo / 关宏峰 / 易浩瀚 / Oscar / 莎士比亚 / 吉米·马丁 / 詹姆斯 / 沈复 / 纳尔齐斯 / 闫先生 / 克雷加德 / K / 龙波 / 蝎子 / 齐乐山 / 马丁·布雷德乌斯 / 西蒙 / 比尔 / 孙权 / Richard / B
346,阿拉丁,,9,Matt / 穆尘 / 孙策 / 林格 / K / 爱德华 / 威廉 / 小波罗 / 纳尔齐斯
347,郭明翔,,1,Bellomy
348,翟松,,12,Hucklebee / 杰弗瑞 / 守塔人 / 费尧多尔 / 所有嫌疑犯 / 行政长 / 陈明章 / 李白 / 董斯云 / K / 马丁·布雷德乌斯 / 龙格&伊戈尔
349,蒋茂洲,,1,Henry（梅兰亨）
350,马学良,,4,Henry（梅兰亨） / 秦岚爸爸 / 闻无忌 / 罗杰斯&特恩里
351,陶以诺,,1,Mortimer（毛儿）
353,李浩楠,,4,Mute / 先帝亡灵 / 多功能 / 歌队
354,魏虎虎,,1,张志和
356,李向哲,,3,丹尼尔 / Tom / Joey
357,年蔓婷,,13,费欧娜 / Claire / Narrator / 克莱尔 / 绿蝶 / 心慧/素素 / 洋洋 / 拉斐尔 / 莉莉丝 / 许寻 / 凯茜 / 幸存者 / 杨玉环
358,蒋芸,,4,影子 / 布兰琪&爱塔 / 乔纳森 / 阿曼达
384,喻越越,,12,张桂梅 / 韩爱珍 / 绿蝶 / 明月 / 李木子 / 王闰之 / 徐梦遥 / 安新荣 / 蒙淑仪 / 林晓静 / 芸娘 / 陶细妹
386,郑云龙,,1,李白
404,李奇,,1,戚太后
425,方书剑,,7,郑扬帆 / 瓦洛佳 / 真金 / 阿娟 / 向晓辉 / 白小年 / Joey
426,王梓庭,,5,陈新新 / 周娥皇 / 阿洛伊西亚·韦伯 / 三圣母 / 武明空
427,白瀚祥,,9,陈新生 / 勺子 / Jason / 李弘冀 / 理查德 / 叶思源 / 醉仙 / 侯公公 / 炮弹
428,李炜铃,,6,柏玲 / 祝子 / 尹心惪 / 盖亚 / 顾小梦 / 貂蝉
429,于滨嘉,,11,郑将军 / 爱德蒙 / 塞修 / 弗雷 / 北哥 / Brandon / Multi Man / 德米特里 / 袴田亮 / 于格 / 查尔斯
430,江泽辰,,11,柏父 / 王天平 / 说书人 / Eggy / 泽罗 / 龙连营 / 森久保公彦 / 主宰/灵媒 / 艾柏林 / 德厚 / 多功能人
431,苗宸宇,,4,戴维 / Ensemble / 赵铁民 / 休·戴克
432,林荣康,,2,曾先生 / 孙河
433,石钰铎,,2,军警 / 局长
434,早安,,1,周梦麟/李慎龙
437,王诗培,,1,键盘
460,李嘉骏,,1,巴萨尼奥
466,郭亢,,10,霍姆斯 / 戈布 / 列车长 / 刘牧 / 李白 / 阿尔托 / S / 许寻 / K / 杰克
467,钟嘉诚,,30,霍姆斯 / 本杰明 / 康贝瑞拉 / 阿尔托 / 阿辽沙 / 理查德 / 内森 / 宋丹萍 / 金祐镇 / 神秘男子 / 刘夏 / 陆鸣/陆石屹 / 怀特·希斯曼 / 这个男的 / 爱德蒙 / 德米安 / 辛克莱 / 威廉 / S / 康铎医生 / 蒂姆 / 莫迪里阿尼/艺术家 / 九贺苍太 / Tom / 林正民/金夏温 / 奥尔菲斯 / 启夏 / J / 杨晓宇 / 肥原龙川
468,赵伟钢,,15,霍姆斯 / 康贝瑞拉 / 蝎子 / 李灵 / Raptor / 理查德 / 神秘男子 / K / 义信 / 安贞元 / 伊谷春 / 陈独秀 / 陆行知 / 西蒙 / Brandon
469,贾凡,,7,本杰明 / 渥伦斯基 / 纳尔齐斯 / 华明之 / 谢平遥 / X-光明 / 阿纳托利
470,杨皓晨,,14,本杰明 / 爱德华 / Stevie / 阿辽沙 / 哈姆雷特 / 列文 / 理查德 / 内森 / Tom / 蒂姆 / 凯尔 / Nathan / 李K / 欧文
471,钟舜傲,,19,本杰明 / 闪电 / Pluto / 伊万 / 理查德 / 内森 / 金祐镇 / 佟小贤 / K / 安贞元 / 辛小丰 / X-光明 / 陆行知 / 庭宇 / K / 肥原龙川 / Michael / 丘神纪 / 维克多&雅克
472,冯远,,16,凯莉 / 简 / 小顺凡 / 玛丽亚 / BRIDGET / 艾丽莎 / 天人 / 洙英 / 雯燕 / 范妮 / 淼淼 / 贝拉 / 皮皮 / 乔苓 / 向阳 / 太平公主
473,郭耀嵘,,22,凯莉 / 曼曼 / 夏光 / LIZZIE / 谷小焦 / 克莱尔 / NoVA / 绿蝶 / 尹心惪 / 秦岚 / 爱丽丝 / 如花 / 辛克莱 / 薛宝钗/有缘人 / Jo / 李宁玉 / 林若南 / 武明空 / 恒子 / 简·爱 / 顾小梦 / 貂蝉
474,马小乔,,20,凯莉 / 伊敦 / 影子 / 简 / EMMA / 阿香 / 奶奶/店员 / 琳 / Shirley / 辛西娅 / 阿曼达 / 乔纳森 / 窥梦人 / 乔苓 / 贝安娜 / 赛琳娜 / 尹心惪 / 玛丽·简 / 白松 / 矢代翼
475,张泽华,,2,凯莉 / 筱冢美佳
476,李磊,,19,托尼 / Sonny Boy / 比利 / Richard / 海 / 老板 / 元稹 / 哮天 / 小九 / 龙 / 孔繁星 / 飞龙 / Eggy / 森久保公彦 / 维塔 / Nathan / 幸存者 / 比尔&迪肯 / 查尔斯
477,李苏霖,,14,托尼 / Sonny Boy / Richard / 开普勒 / 内森 / 时钟兔 / 歌尔德蒙 / 辛克莱 / 李泌 / 托里 / 戈布 / Doris / Nathan / A
478,夏阳,,24,托尼 / 乔班尼 / 石头 / 内森 / 康贝瑞拉 / 塞修 / Eggy / 梵高 / 那个男的 / 埃里克 / 辛克莱 / 歌尔德蒙 / 格雷·亨特 / 海曼 / 怀特·希斯曼 / 阿尔托 / 太子 / 画商/埃贡·席勒 / Doyle / 张衡 / Poe / 幸存者 / 路易斯 / 李K
479,曹珺,,11,乔班尼 / Pluto / 理查德 / 柴郡猫 / 梵高 / 小白 / Daniel / 威廉 / 许寻 / Poe / 安东尼奥
480,于晓璘,,12,乔班尼 / 陈独秀 / 尼古拉斯 / 郑微岚 / 苏无名 / 查理 / 格雷·亨特 / 吴指南 / 陈刀荃 / 李泌 / 孙权 / 思悼
481,王培杰,,12,康贝瑞拉 / 李大钊 / 科伦 / 理查德 / 格雷·亨特 / 汤川学 / 神秘男子 / 罗比 / 伊谷春 / 本杰明·巴顿 / 周瑜 / 英祖
482,朱微之,,19,康贝瑞拉 / 爱德华 / 阿尔托 / 维佳 / 费南 / 阿南 / Stacce / 局长 / 李白 / 李轩 / 纳尔齐斯 / 路西法 / 叶白 / 休·戴克 / 疯子 / 朴智錫/尹书恩 / 李K / 雅蒂 / 圣约翰&派洛特
491,李乐尧,,4,李大钊 / 徐自 / 杰弗瑞 / 康贝瑞拉
495,于毅,,3,赵吏 / MAN1 / 埃德蒙
496,丁辉,,11,夏冬青 / 卢凌风 / 杨晓宇 / 瓦洛佳 / 宋丹萍 / 理查德 / Joey / 罗比 / 李家辉 / 康铎医生 / 林冲
497,陈晓琼,,6,王小亚 / 狄俄尼索斯 / 羽贯小姐 / 李木子（假） / 许寻 / 许夕燃
498,纪晓坤,,12,穆尘 / 休·戴克 / 爱德蒙 / 江阳 / 谢雁 / 筱冢一成 / 纳尔齐斯 / 程小时 / 乔纳森 / 九贺苍太 / 李有锡/韩叙潾 / 艾柏林
499,孙乐仟,,11,南熏 / Sara / Narrator / 姜落声 / 桐原弥生子/花冈夕子 / 李月圆 / 乔纳森 / 阿曼达 / 辛辰 / 辛西娅 / 李玉屏
500,田依凡,,3,南熏 / 钱梅芬 / 韩秋子
501,马熙媛,,1,妍妍
502,曹娜,,1,瑟琳娜
503,顾轩畅,,3,轩轩 / Greed / Agatha
504,王海祥,,1,王新元
505,白举纲,,3,大庭叶藏 / 太宰治 / 1900
506,徐梦迪,,4,祝子 / 李洁珊（Jessica） / 藤村都子 / 徐梦遥
507,张玮伦,,11,堀木正雄 / 蝎子 / 马库斯警官 / 罗密欧 / MAN2 / Oscar / 唐仁 / 德米安 / 汉王 / 小王/丈夫 / 白老师
508,亚森,,4,堀木正雄 / 笹垣润三 / 杜帅 / Lost乐队主唱
509,徐梦,,6,恒子 / 徐阿嬷 / 庭宇 / 程妻 / 卡司 / 钵里公主
510,蒋依敏,,4,恒子 / 天人 / Mira机器人 / 国王
511,陈恬,,10,祝子 / 瓦伦缇娜 / 花冈美里 / 贝拉 / 林黛玉/有缘人 / 奎妮/伊丽莎白 / ABBEY / PB / 艾米&玛丽 / 苍
515,许翀烨,,1,筱冢康晴
549,蔡鹏,,3,愚公 / 亨利·沃登 / 张首席
550,李炜鹏,,14,智叟 / 伊万 / 李白 / 苏无名 / 费尔南 / 李白 / 华明之 / 胡汉三 / 谢阳 / X-黑暗 / 陆雨放 / 留仙 / 聂律师 / 英祖
551,温雅祺,,4,王宁 / 艾米&老板娘 / 李静 / 月娃
552,齐奇,齐齐,1,御风
553,西麟润,,1,邹老师
554,张建勋,,1,列子
555,赛博渊,,1,操蛇之神
568,冯韵颖,,1,母亲
569,王南钧,,1,歌尔德蒙
570,白一博,,14,爱德华 / 阿尔托 / 查尔斯 / Tom / 影子 / Stacce / 托尼 / 老K / 叶白 / 歌尔德蒙 / 小白 / 路西法 / Lucas / Poe
571,马灵奇,,8,爱德华 / Jack / 程子灵魂 / 孙晓鸥 / 叶白 / 萧瑟 / 威廉 / 克雷加德
572,施天玮,,16,爱德华 / Richard / 喵喵 / Lonny / 阿尔托 / 尼古拉斯 / 怀特·希斯曼 / 洛川 / 猛刀 / 宇柏 / 诸葛青 / 尤安 / 爱迪生 / 许寻 / 薛临 / 顾承叙
573,缪卓凡,缪雨墨,5,爱德华 / 多功能人男 / 孙权 / 无心 / 洛川
574,管重昊,,5,乔纳森 / 卡路 / 理查德 / 康贝瑞拉 / 马子俊
575,徐佳文,,19,乔纳森 / Richard / 雷无桀 / 孙权 / 格雷·亨特 / 叶白 / 这个男的 / 泽罗 / 迈克 / 里奥 / 海曼 / 歌尔德蒙 / Teddy / Alex / 于格 / Daniel / 郑成浩/郑素熙 / 托马斯 / 路易斯
576,王颢珏,,8,乔纳森 / Warren / 辛吉 / 戈布 / 安普罗斯 / 阿尔贝 / Doris / 局长
577,汤佳明,,21,乔纳森 / 怀特·希斯曼 / 爱德蒙 / 埃里克 / 周瑜 / Drew / 歌尔德蒙 / 休·戴克 / 迈克 / 德米安 / 威廉 / 李泌 / 提奥 / Alex / 画商/埃贡·席勒 / Richard / 林正民/金夏温 / 吴俊赫/朴宝拉 / 浩宇 / A / B
578,葛洧吟,,4,玛莎 / 露露 / 李默 / 安琪儿
579,洪果,,17,玛莎 / 鲍西亚 / 村民 / 鸣凤 / 纪子小姐 / 沈心儿 / 林贞/陈潇妈 / 梅瑞狄斯 / 苏珊 / 贝拉 / 阿曼达 / 陆安宁 / 戴望星 / 桃桃 / 李有锡/韩叙潾 / 阿旭 / 海伦&阿黛尔
580,贾景伊,,6,玛莎 / 多功能人 / 多功能人 / 花冈美里 / 奶奶/店员 / 赵警官
581,赵子萌,,6,玛莎 / Deb / 李梦 / 林嘉怡 / 秀妍 / 梅瑞狄斯
582,杨颖,北舞音乐剧系,4,玛莎 / 内海薰 / 酒吧服务员（女） / 乔纳森
591,任书贤,,1,王朝云
602,王帅,,6,阿明 / Oscar / 尼古拉斯 / Chi Chi / 方崇心 / 罗比
603,李卓远,,12,阿明 / 科伦 / 方崇心 / 罗比 / 俊一 / 罗纳德 / 李江鸥 / 张楚岚 / 阿努比斯 / 尤安 / Doyle / 穆阳
604,梁汉,,7,阿明 / 方崇心 / 财哥 / 胡适 / 尹乐 / 方崇心 / 李甲
605,李信,,12,老江 / 杰弗瑞 / Oscar / 守塔人 / 老贾 / 靖元 / 赤珣 / 丹尼 / 克雷加德 / 迟老师 / 幸存者 / 焦德利
606,陆艺火,,6,老江 / 刘宇航 / 杰弗瑞 / 陈季常 / 胡梦安 / 梁登云
607,张腾,开心麻花,6,老江 / 杰弗瑞 / 李德兴 / 克雷加德 / 小王/丈夫 / 焦德利
608,邓欣锐,,8,老江 / Stevie / 高觉民 / 鲁迅 / 张刀克 / Chi Chi / 林冲 / 有缘人/薛蟠
609,马志睿,,2,小宇 / 乔治
619,李明屿,,3,邓禹平 / 列文 / 村民
620,米晨晨,,14,白玫 / ALICE / 吉蒂 / 小竹 / 郝娣 / 杜熙 / 何娟娟 / 娜塔莎 / 天香/孙宴临 / 张凯艺 / 王海鸥 / 虫娘 / 许夕燃 / 许忆
621,康珂然,,2,方丹 / 刘佳怡
622,奇煜,张超,7,胡莱 / 林嘉兴 / 李二狗 / 常卫国 / 学长 / 黄奇宝 / 罗切斯特
623,李昊阳,,7,胡莱 / Chi Chi / 阿明 / 王小羊 / 刘伢子 / 罗世诚 / 余永泽
624,徐天戈,,8,廖师长 / 孙海峰 / 活字张 / 小松 / 世美 / Ensemble / 玉衡子/帅茶商 / 薛临
625,赵昀迪,,7,茜茜 / 公孙离 / 凯瑟琳娜/罗西娜 / 杜海燕 / HELEN / 妮娜 / 约瑟芬
626,王明怡,,7,芬姐 / BRIDGET / 李大梅 / 国王 / 伊敦 / 林林 / 黎辛
627,李博,,1,张导演
628,阿诺,,1,现代导演
629,高斌,,1,白父
630,崔欣仪,,2,廖母 / 罗茜
631,李依桐,,4,老罗/形体指导 / 乔治 / 马树贵/工头 / 沈墨舟
632,周紫鑫,,1,贵妇人
633,刘佳,,1,廖父
647,黄鹏,,1,陈阿水
666,诸葛北辰,,12,Pu少年 / 无心 / 铁皮 / 李泰辅 / 郑成浩/郑素熙 / 向阳 / 沈亮 / 月值差使 / 日值差使 / 小亚 / 怀特·希斯曼 / 霍普
668,王富有,,3,Pu少年 / 卡路 / 维塔
669,蔡润基,,2,Man少年 / 云中君
670,罗葳,,1,Cee中年
671,李大光,,1,Cee中年
672,文邺辰,,3,Cee青年 / 马新阳 / 苏郁
673,沈小岑,,1,Sai中年
674,王敏辉,,11,关宏峰 / 李煜 / 怀特·希斯曼 / 小九 / 陆光 / J / X-光明 / 理查德 / 张山山/吴嘉 / S / 托马斯
675,遇泓羊,,18,周巡 / 守塔人 / 克雷加德 / 李景遂 / 葛生优 / 余西 / 蝎子 / 唐仁 / 人杰 / K / 杨自道 / 范·米格伦 / 陆行知 / 迟老师 / 莫迪里阿尼/艺术家 / 于格 / 比尔 / 薛临
676,许放星,,8,周巡 / 陈潇/陆鸿斌 / 疯子 / 李默 / 黑子 / 沈亮 / 李响 / 顾承野
677,廖婧媛,,12,白涵 / 梅瑞狄斯 / 花冈美里 / 吴爱可 / 林贞/陈潇妈 / 胥紫冬 / 苏珊 / 珍妮/瓦利 / 桃桃 / 奎妮/伊丽莎白 / 辛克莱 / 许夕燃
678,朱芷秋,,4,白涵 / 陈氏 / 艾芙琳 / 伊敦
679,曾天,,2,白涵 / 老婆
680,智博闻,,6,叶方舟 / 博士 / 波特 / 岳军 / 陈潇/陆鸿斌 / 阿尔托
681,李政绪,,13,叶方舟 / Oscar / Warren / 鲍比·马丁 / Chi Chi / 游亦 / 小松 / 石头 / O126 / J / Eggy / Jonas / 思悼
682,邵立君,,20,叶方舟 / 埃里克 / 霍普 / 阿尔托 / 无心 / 玛尼 / 奥利弗 / 李默 / 乔纳森 / 韦恩 / 威廉 / 纳尔齐斯 / 内森 / Alex / 画商/埃贡·席勒 / S / 格雷·亨特 / 托马斯 / 金祐镇 / Michael
683,邓贤凌,,17,周舒桐 / 沈文君 / 漼时宜 / BRIDGET / 艾丽莎 / 乔苓 / 贝拉 / 戴望星 / Abby / PB / 皮皮 / 红莲 / 阿莉娅 / 薛临 / 李月圆 / 苍 / 周会珍
684,吴杭律,,19,周舒桐 / 小亚 / 简 / 杜海燕 / 旧书市之神 / 乔苓 / 惠子 / LIZZIE / 李玉屏 / 小静 / PB / 于贝 / 贝安娜 / 孟潼/小月 / 许忆 / 风 / 黎槿 / 辛辰 / 红
685,暴晓萱,,7,多功能人女 / 艾米&老板娘 / 伊敦 / 管家 / 影子 / Mandy / 桂芳
686,宋元明,,9,多功能人男 / 玛尼 / 梵高 / 陈潇/陆鸿斌 / 说书人 / 里奥 / 博士 / 哈桑 / 莫雷亚
687,陈博翰,,4,多功能人男 / 普罗辛诺斯/无名的人/阿里阿德涅/警察 / Kelvin / Pride
688,许嘉芸,,4,周舒桐 / 李月圆 / 波多野芳惠 / 苍
698,王壹,,6,威廉&斯特里夫 / 强尼 / Hertz / 金刚 / 傻强 / 酒吧老板
707,李怡垚,,3,Sai少年 / 江鱼儿 / 崔曼宁
708,苏诗丁,,2,Sai青年 / Sara
711,宗俊涛,,7,闪电 / 苏无名 / 老白 / 杜甫 / 苏轼 / 留仙 / 英祖
712,高雨晨,,12,石头 / 哈姆雷特 / MAN1 / 查理 / 加布 / J / 约翰·浮士德 / 启夏 / 达·芬奇/卢卡 / 安欣 / Jonas / 思悼
713,赵毅劼,,14,蝎子 / 安普罗斯 / 阿波罗 / 约翰 / 樋口先生 / 东堂先生 / 董斯云 / 老乌 / 小鞋匠 / 赫兹 / 马醉灯 / Daniel / 丹尼尔 / 李K
714,孙欣业,,6,勺子 / 守塔人 / 弗雷 / 北哥 / 凯科斯法瓦 / 哈桑
715,周惠怡,,8,女神 / 红 / 乔安 / 爱丽丝 / Jo / Abby / 钵里公主 / 王昭君
716,张会芳,,12,女神 / 李静 / LIZZIE / 安娜 / 尹心惪 / Jerusha / 李木子 / 艾蒂丝 / 林黛玉/有缘人 / 卢淑娟 / 秀儿 / 许平儿
721,叶炫清,,1,幻影
738,李俊成,,1,钢琴
741,黄发强,,1,多功能人
745,刘思维,,2,李大钊 / 端少爷
746,侯京健,,1,毛泽东
747,杨君军,杨闻洲,2,毛泽东 / 李丁一
748,赵梓冲,,2,陈独秀 / 陆雨放
749,区宁,,2,陈独秀 / 郝杰
750,江东旭,,12,周恩来 / 宋阳 / 蒋牧歌 / 泽罗 / 世美 / 陈承武 / 荷鲁斯 / 苏和 / 白旗帮首领 / 苏辙 / 白马 / 长童
751,吴以瀚,,18,陈延年 / 郭心刚 / Sonny Boy / Richard / 刘子行 / 安东尼奥 / 孟泽 / Pu青年 / 陆光 / 那个男的 / 付平安 / 元稹 / 陈承武 / 于格 / 陆谦 / 麦克/托马斯 / 杰克 / 葵哥
752,朱家鹏,,8,陈延年 / 郭心刚 / 尼古拉斯 / 刘沐燃 / 李默 / 马克梵 / Oscar / Stevie
753,杨映宇,,6,蔡元培 / 鲁迅 / 吉米·马丁 / 疯老道 / 格伦 / 黄天
754,杨亚辉,,1,蔡元培
755,丁宇佳,,8,胡适 / 庄周 / 波尚 / 尼古拉斯 / 穆尘 / 狄辰 / 奥尔森 / 比利
756,姜崃,,12,胡适 / Chi Chi / Oscar / 科伦 / 蛰生 / 阿辽沙 / 西蒙 / 主宰/灵媒 / 达·芬奇/卢卡 / 安欣 / 艾柏林 / 理查德
757,帕赛,,5,辜鸿铭 / 罗一手 / 唐纳 / 格伦 / 萨米
758,邵奕磊,,16,鲁迅 / Chi Chi / Oscar / 吉米·马丁 / 科伦 / 老板 / 乔卡普 / 李大钊 / 游亦 / 小伟 / 闪电 / 炮弹 / NoVA / 袴田亮 / Brandon / Hans
759,云孟和,,3,鲁迅 / 夏洛克 / 张刀克
760,刘思杰,,4,陈乔年 / 尼古拉斯 / 特鲁法尔金诺 / 夏明
761,高尔金宝音,,10,陈乔年 / 波特 / 狄辰 / 潘冬子 / 陈潇/陆鸿斌 / 刘沐燃 / 小松 / 高正 / Stevie / 程小时
762,吕润桐,,8,高君曼 / 爱丽丝 / 叶莲娜 / 李静 / 苏梦蝶 / 张沛 / 安新荣 / Anna
763,冯鑫垚,,14,高君曼 / 鲍西亚 / 吉蒂 / 莫晓芸 / 王初初 / 乔苓 / 沐馨 / 茱莉娅 / 琳 / 侯阿娇 / 董家希 / 杜胜男 / 胡玉兰/奶奶 / 樱草
764,崔恩尔,,14,高君曼 / 夏光 / Raptor / 西比尔·韦恩/夏罗·韦恩 / 红 / 王初初 / 启夏 / 德米安 / 格雷琴 / 岛衣织 / 心慧/素素 / YITZHAK / 瓦伦蒂诺/贾科莫 / 茱莉亚&凯瑟琳
765,李雨鈊,,1,赵纫兰
766,柏宇豪,,1,周恩来
771,赵嘉艳,,12,宋琳西 / 曼曼 / 沈文君 / 吴夫人 / 范妮 / 老板 / 陈芸 / 蓓蓓 / 辛克莱 / 老汉 / 玛丽（马克） / 顾小梦
772,陈棋尔,,8,宋琳西 / Julie / Sara / 李梦 / 她 / 梅瑞狄斯 / 艾丽莎 / 绣帘
773,沐里,,3,唐洁宁 / Narrator / 嬴政
774,孙叶雨,,6,唐洁宁 / Sara / 拉拉 / 杜海燕 / 程佳文 / 琳
775,丁辰西,,21,伊莎 / 艾芙琳 / 沈文君 / LIZZIE / 妈妈 / 叶莲娜 / 江小姐 / 李欣慰 / 瑞吉娜 / 疯子 / 莉莉丝 / 大顺凡 / 辛西娅 / 幸存者 / 丁玉兰 / 于贝 / 黛西 / MARGARET / 风 / 尹心惪 / 玛丽（马克）
776,杜鑫艳,,19,伊莎 / NoVA / EMMA / 老板 / 林艳梅 / Justice / 秋子 / Sara青年 / 妈妈 / 瑞吉娜 / 艾丽莎 / 陈母/老鸨 / 霍莉 / 许静雅 / 大有真 / 窥梦人 / Narrator / 钵里公主 / 徐静
777,孙礼杰,,7,杰森 / 李灵 / 马克梵 / 斯特劳斯 / 付平安 / Man青年 / 小王/丈夫
778,艺宝,,1,亨利
779,范浩泽,,3,亨利 / 多功能人 / 无心
780,黄偲,,7,老金 / 弗雷 / 约翰 / Champ / 浪漫派诗人/Edward周 / 林嘉彩分身/付嘉涵 / 国王
781,薛赛,,1,老金
782,姜呈洋,,8,童桐 / Michael / 阿波罗 / 安普罗斯 / 崔民国 / 爱德蒙 / 里奥 / 爱迪生
783,王瀚哲,中国BOY,1,易浩瀚
784,李泽晨,,8,多功能人 / 强尼 / 原康孝 / 月值差使 / 日值差使 / 埃里克 / 降临道令 / 西蒙
785,孙澜月,,5,多功能人 / 天人 / 阿细 / 简 / Lydia
817,王烨,,3,Michael / 国王 / Lucas
824,赵洪博,,13,尼古拉斯 / 霍普 / 岳军 / Franz / 元稹 / Doris / 小九 / 越南仔 / 李默 / 飞龙 / Teddy / 荷鲁斯 / 苏辙
825,霍京晖,,3,尼古拉斯 / 霍普 / 金刚
826,李存贤,,17,尼古拉斯 / Stevie / 鲍比·马丁 / 高觉慧 / 时钟兔 / 这个男的 / 马克梵 / Eggy / Stevie / 飞龙 / 小松 / 辛吉 / 有缘人/薛蟠 / 程小时 / BYSTANDER / 方崇心 / 德厚
827,邓泽镐,,2,尼古拉斯 / 高衙内
828,张智伟,,10,科伦 / 安东尼奥 / 刘宇航 / 陈潇/陆鸿斌 / 赤珣 / 爱德蒙 / David / Johnny / 李时愿 / 奇幻
829,张皓哲,,3,科伦 / 梵高 / 博士
830,孙敬贤,,3,杰弗瑞 / 多梅尼克/保罗 / 亨利二世/安东尼
831,方银河,,2,杰弗瑞 / 老班头
832,秦子淳,,3,艾芙琳 / 琳达 / 吴美丽
833,刁梦雪,,2,艾芙琳 / 忆之花
834,曹小欠儿,,12,艾芙琳 / 奶奶 / 池桂兰奶奶 / 李明月 / 罗招娣 / 霍莉 / 赵纫兰 / 天香/孙宴临 / 陈传武 / 张沛 / 苟丹丹 / 林晓静
835,黎宛曈,,4,艾芙琳 / 艾米&老板娘 / 戚太后 / 凯瑟琳娜/罗西娜
841,曹牧之,,12,Stevie / Stevie / 比利 / 金皮 / 瓦洛佳 / 闫先生 / 程小时 / 小伟 / 托里 / 艾柏林 / Brandon / 德厚
842,郝李英杰,,9,Stevie / Stevie / O126 / 学长 / 小九 / 小松 / 小伟 / Jonas / 思悼
843,牛博为,,8,浩宇 / Stevie / 格雷·亨特 / 塞修 / O126 / 柴郡猫 / Stevie / 小伟
844,王天择,,9,Chi Chi / Michael / MAN1 / 李轩 / 赫兹 / Brandon / David / 鲁智深 / Hans
845,周仕麒,,4,佳贤 / Chi Chi / Stevie / 小九
846,陈志,,8,Sonny Boy / Stevie / 李红旗 / 游亦 / 小松 / 小伟 / Doris / 思悼
847,朱亮,,13,Sonny Boy / Richard / Joey / 查理 / 约翰·浮士德 / 小松 / 石头 / 波多野祥吾 / 托里 / 主宰/灵媒 / 瓦伦蒂诺/贾科莫 / Doris / 子敬
852,陈科铭,,9,Richard / Sonny Boy / 李红旗 / 阿娟 / 歌尔德蒙 / Eggy / 怀特·希斯曼 / 托里 / 奥尔森
853,郭洧江,,7,Richard / 格雷·亨特 / 霍普 / 越南仔 / 卡路 / 特斯拉 / 许忆
854,朱亚洲,,17,Oscar / 富贵 / 吕蒙 / 全场多功能人 / 影子 / Multiman / 小白 / 格雷·亨特 / 卡路 / Stevie / 阿努比斯 / 爱德华 / Lucas / 海曼 / 朴智錫/尹书恩 / 梅森&约翰 / 钟炎
855,赵霄汉,,5,Stevie / Stevie / 吉米·马丁 / 金皮 / Eggy
856,杨宇威,,5,Richard / 达达 / Sonny Boy / 塞修 / 阿龙
857,脱骁尧,,10,Oscar / 守塔人 / 局长 / Man青年 / 波特 / 卓先生/经纪人 / 卓生发 / 森久保公彦 / 巴恩斯 / 中介
858,曾鑫,,10,Oscar / 陆一棠 / 怀特·希斯曼 / 怀恩 / 埃里克 / 里奥 / 威廉 / 乔纳森 / Richard / 陈启耀
859,张毅凯,,8,Oscar / 陆一棠 / 大师兄 / 壮成哥 / 阿狗 / Alex / 辛吉 / 阿虎
860,李玉言,,8,Stevie / 阿猫 / Chi Chi / 朱瞻基 / 陆光 / 程小时 / 雏鸟 / 顾承叙
861,郑文博,,3,Stevie / 陆一棠 / 张灵玉
862,施博威,,14,Richard / Warren / 埃里克 / 梵高 / 窦豆 / 亚瑟 / 小白 / 那个男的 / 辛吉 / Doris / 游亦 / Sonny Boy / 许寻 / 葵哥
863,唐浩瑜,,7,小宇 / Richard / 霍普 / 尼古拉斯 / 塞修 / 程小时 / Doyle
864,周靖杰,,12,Oscar / 怀恩 / 杨鼎天 / 杰弗瑞 / 格雷·亨特 / 靖元 / 塞修 / 冯辛 / 埃里克 / 里奥 / 乔纳森 / 雅蒂
871,凌梦,,1,钢琴乐手
872,张导正,,1,钢琴乐手
873,王靖涵,,1,小提琴乐手
874,左慈婧,,1,小提琴乐手
878,姜清华,,1,钢琴
890,李昀朗,,1,Hucklebee
891,孟璐,,3,沈伊娜等 / 米店老板娘 / 勤勤/樊丽霞
892,孟祥宇,,1,王克航
893,何郝熙,,2,Deb / 筱冢美佳
894,田梦,,11,Deb / 布兰琪&爱塔 / 林宝笙 / 吴爱可 / 秀妍 / Shirley / 多琳 / Agatha / 许忆 / 安妮 / 太平公主
895,万钰彬,,17,Warren / 刘牧 / 小白 / 怀特·希斯曼 / 埃里克 / 歌尔德蒙 / 格雷·亨特 / 韦恩 / Daniel / 叶白 / 尤安 / 林正民/金夏温 / 吴俊赫/朴宝拉 / Nathan / 小亚 / 顾承叙 / A
896,余镇鳌,,16,Warren / 格雷·亨特 / 李丁一 / 白居易 / 明烈 / 庭宇 / Brandon / 威廉 / 天天 / 刘子衡 / 画商/埃贡·席勒 / 阿努比斯 / 幸存者 / 林正民/金夏温 / 苏轼 / B
897,蔡馨怡,,13,Claire / 梅瑞狄斯 / 约瑟芬 / 谷小焦 / 艾玛 / 周婷 / 玛莎 / 露露 / 阿曼达 / Abby / 吴俊赫/朴宝拉 / 幸存者 / 阿旭
898,黎珂儿,,2,Claire / 伊敦
899,张烜尔,,14,Claire / 伊敦 / WOMAN1 / 吴爱可 / 约瑟芬 / 她 / 阿香 / 戈布 / Jo / 矢代翼 / 辛西娅 / 判官/小鬼 / 乔纳森 / 薛临
900,高泽鹏,,1,Jason
901,井彦乔,,8,Jason / Cee青年 / 程小时 / 白鸽 / 辛吉 / 张楚岚 / 莫德雷/奥德修斯 / 齐越
902,王海旭,,1,Jason
903,左一平,,15,Deb / 李梦 / 乔苓 / 辛辰 / 天人 / 李默 / 多琳 / 谢宛宁 / 桃桃 / 林若南 / 董家希 / 许忆 / 孟潼/小月 / 幸存者 / 小月
905,黄浦申,,7,查尔斯 / 里奥 / 爱德蒙 / 阿波罗 / 爱迪生 / 爱德华 / David
906,易群,,7,艾米&老板娘 / 多功能3 / 费欧娜 / 克莱尔 / 辛辰 / 李月圆 / 谢宛宁
907,沈恬,,4,艾米&老板娘 / 林贞/陈潇妈 / 桂芳 / 简
908,陈旭茂,,8,威廉&斯特里夫 / 波特 / 普罗辛诺斯/无名的人/阿里阿德涅/警察 / 多功能人 / 卓先生/经纪人 / Tony / Pride / 安立伟
909,薛尚文,,6,威廉&斯特里夫 / 弗雷 / 越南仔 / 哈利 / 哈桑 / 守塔人
910,盛可欣,,2,布兰琪&爱塔 / 林嘉怡
917,王国栋,,5,阿波罗 / 萧瑟 / 总头目 / 董斯云 / 幸存者
934,丁星辰,,2,格雷·亨特 / 程小时
939,谢一溦,,1,梅瑞狄斯
956,李珏,,6,卡路 / Sonny Boy / Doris / 李家辉 / 九贺苍太 / 查尔斯
957,温升宝,,5,卡路 / Eggy / 天天 / 中介 / 科明斯基
958,左溢,,3,塞修 / 老板 / Brandon
959,董豫辰,,12,塞修 / Stevie / 明烈 / 松浦勇 / Multi Man / 疯子 / Brandon / 鸿上达章 / 荷鲁斯 / 樋口先生 / 奇幻 / 墙内人
960,尹智博,,8,塞修 / 怀恩 / 越南仔 / 江清源 / Brandon / 阿努比斯 / 主宰/灵媒 / 多功能人
961,林大钦,,11,辛吉 / 弗雷 / 梵高 / 付平安 / Brandon / 勺子 / 于格 / 雕像 / 东堂先生 / 薛临 / 艾柏林
962,车鸣笛,,6,辛吉 / 弗雷 / 漼广 / 托尼 / 醉仙 / 鸿上达章
963,刘瀚聪,,13,辛吉 / 守塔人 / 奥尔森 / 怀恩 / Lonny / 比利 / Doris / 龙 / 醉仙 / 关静年 / 森久保公彦 / 查尔斯 / 主宰/灵媒
964,宋凯文,,9,霍普 / 哈利 / Joey / 阿尔托 / 小白 / 飞龙 / 漫画家 / 范泰 / 维塔
965,元佳辰,,8,霍普 / 小九 / Cee少年 / 越南仔 / 石头 / 汪达富 / O126 / 高天浩
966,冯文彦,,5,怀恩 / 守塔人 / 李冬生 / 威廉 / 于格
967,孙博,,7,怀恩 / 越南仔 / 玛尼 / Stevie / 白居易 / 休·戴克 / 丁海峰
968,王逸飞,,17,怀恩 / 克雷加德 / 怀亚特 / Tom / 刘牧 / 雅科夫 / 李冬生 / 野狼 / 程小时 / 陈比觉 / 猛刀 / 德米特里 / Brandon / 拉乔·皮勒 / 西蒙 / 艾柏林 / 袴田亮
969,张鼎棋,张哲豪,3,守塔人 / 博士 / 尹大志
970,韩佳旭,,8,霍普 / 格雷·亨特 / 塞修 / 洛川 / 巴恩斯 / 里奥 / 苏和 / Doyle
971,廖城志,,13,霍普 / 多功能1 / 哈利 / 塞修 / 阿然 / 维塔 / 特斯拉 / Nathan / 图鲁克 / 小亚 / 怀特·希斯曼 / 钟炎 / 越冬
972,杨博皓,,5,霍普 / 尼古拉斯 / 奇才 / 神秘人 / William
973,钟政,,1,霍普
974,杜皓云,,8,怀恩 / CESAR / 赫兹 / 比利 / 崔民国 / 莫德雷/奥德修斯 / 张万保 / 韦恩
975,王世鑫,,6,怀恩 / 科伦 / 奇才 / 靖元 / 怀亚特 / 辛吉
976,薛钦元,,11,怀恩 / 科伦 / 特瑞斯 / 安普罗斯 / 韦恩 / 爱德蒙 / 俊一 / Alex / 莫德雷/奥德修斯 / 吴俊赫/朴宝拉 / 薛临
977,赵奕然,,16,怀恩 / PATRICK / 怀亚特 / 俊一 / 辛吉 / 爱德蒙 / 李江鸥 / Alex / 威廉 / 乔纳森 / 里奥 / 阿努比斯 / 陆光 / 奥尔菲斯 / 查理&科林 / Hans
978,杜舟,,5,守塔人 / 杰弗瑞 / 强尼 / 冯辛 / 迟老师
979,范杰,,4,守塔人 / 杰弗瑞 / 陆子野 / 勃洛克赫斯特&强尼
980,罗涣涣,,1,守塔人
981,张鑫澳,,8,怀恩 / 守塔人 / 休·戴克 / 靖元 / 冯辛 / 爱德蒙 / 弗雷 / 佳贤
982,文振宇,,4,霍普 / 格雷·亨特 / 洛川 / 漫画家
983,曾阵,,5,霍普 / 怀特·希斯曼 / Stevie / 爱德华 / Klabb
984,李坤嘉,,4,霍普 / Stevie / 格雷·亨特 / Stevie
985,梁宵默,,9,Oscar / 怀恩 / Tom / 董斯云 / 朱叶 / 靖元 / 刘焱 / 醉仙 / 弗雷
986,饶克勤,,3,怀恩 / 霍普 / 阿风
987,张艺,男演员,8,怀恩 / 漼风 / 怀亚特 / 明烈 / 迈克 / Brandon / 霍强/赵正明/张司城 / 祝刚
988,刘秫呈,,7,守塔人 / 休·戴克 / 阿江 / 冯辛 / 爱德蒙 / 赤珣 / 乔纳森
989,易俊,,1,守塔人
990,王皓,武汉,3,守塔人 / 休·戴克 / 冯辛
991,汤俊军,,5,守塔人 / 休·戴克 / 阿江 / 陈怀民 / 高教官
992,陈梓煊,,3,怀恩 / 怀特·希斯曼 / 漫画家
993,刘朱烨,,23,小宇 / 尼古拉斯 / 叶白 / 李默 / 郭心刚 / 乔纳森 / 海曼 / 铁皮 / 李甲 / Alex / 姜宁 / 吴起铭 / 韦恩 / 威廉 / 陆光 / Nathan / 托马斯 / 特瑞斯 / 奥尔菲斯 / David / 于格 / 白小年 / B
1012,李佳音,,7,戈布 / 伊敦 / 许静雅 / Mandy / 阿香 / 贾母/有缘人 / 皮皮
1018,李子涵,,10,玛尼 / 多功能人 / 老K / 托尼 / 哈利 / 张警官 / Jerry / 先帝亡灵 / 弗雷 / 月值差使
1019,刘明明,,11,玛尼 / 安普罗斯 / 普罗辛诺斯/无名的人/阿里阿德涅/警察 / 托尼 / 岳军 / 多功能1 / 赵铁民 / Jerry / 丁海峰 / 黑子 / 西普
1020,杜钇樵,,17,伊敦 / Narrator / 林嘉怡 / 李月圆 / 白警官 / 嬴政 / Sara / BRIDGET / 莉莉丝 / 谢宛宁 / Abby / 皮皮 / 于贝 / 贝安娜 / 薛临 / 许夕燃 / 孟潼
1029,潘蕾蕾,,10,鲍西亚 / 记者 / 瑶 / 莫晓芸 / 茱莉娅 / 小杨 / 彼阿特利切 / 娜拉 / 姚蓓蓓 / 白丽萍
1030,宁馨儿,,3,鲍西亚 / 贝特西 / 张杰妮
1031,鲁芳岐,,5,鲍西亚 / 莫晓芸 / 小曼 / 茱莉娅 / 娜拉
1032,王浩楠,,11,Richard / 巴萨尼奥 / Chi Chi / Doris / 这个男的 / 游亦 / 辛吉 / Lucas / 方崇心 / 森久保公彦 / 陈念安
1033,孙化卓,,3,巴萨尼奥 / 宋阳 / 鲍比·马丁
1034,郭禹良,,4,安东尼奥 / 孙海峰 / 乔治 / 弗罗林多
1035,李子健,,4,夏洛克 / 刘宇航 / 格伦 / 侍卫甲
1036,周校校,,2,夏洛克 / 老蜀通
1066,龚子棋,,7,阿尔托 / 爱德蒙 / Stacce / 歌尔德蒙 / Richard / 李有锡/韩叙潾 / Tom
1067,李志杰,,1,保鲜大王/付嘉涵分身
1068,朱子尧,,1,爱德蒙
1076,张嘉宇,,1,辜鸿铭
1079,刘洪书,,4,梵高 / 齐志平 / 博士 / 汪达富
1080,钟子崴,,10,梵高 / 陆一棠 / 付平安 / 李默 / 卡路 / 程小时 / 沈亮 / Pete / 刘白 / 墙内人
1081,滕春鹏,,6,比利 / 德米特里 / 程小时 / 李功一 / 怀恩 / Richard
1082,王桓,,13,比利 / 付平安 / 松耀 / 蛋蛋 / 雷无桀 / 塞修 / 叶白 / 刘焱 / 阿然 / 韦恩 / 乔纳森 / 特斯拉 / Richard
1083,刘勃汐,,6,怀亚特 / 约翰 / Jason / 总头目 / Johnny / 丹尼尔
1084,王玙璠,,8,小亚 / 约瑟芬 / 林嘉怡 / 林宝笙 / Sara青年 / 李欣慰 / 秀妍 / Abby
1085,于梦滢,,7,约瑟芬 / 指挥长 / 林贞/陈潇妈 / 秀妍 / 乐满分 / 桂芳 / 皮皮
1086,褚俊驰,,3,强尼 / 泰国佬 / 李志豪
1087,郭俊宇,,5,强尼 / 尼姆 / 独孤月 / 闫先生 / 潘行义
1088,连江维,,5,强尼 / 桑丘/侍从 / 唐纳 / 金刚 / 金生火
1089,高旭,,7,强尼 / 波特 / 多功能人 / 杨鼎天 / 小鞋匠 / 局长 / 佳贤
1090,高瑞杰,,1,哈利
1091,唐超,,4,哈利 / 乔卡普 / 北哥 / 弗雷
1115,林可嘉,,1,主演
1117,Ricky,,1,Jack
1118,刘鑫,,2,陈潇/陆鸿斌 / 李泰辅
1125,闫乐湟,,5,Julie / 天人 / 乔苓 / Agatha / 乔安娜
1126,陈姝月,,10,Julie / WOMAN2 / BRIDGET / 吴爱可 / 李月圆 / 青青 / 有缘人/晴雯 / 向阳 / 林林 / 黎槿
1159,强东玥,,24,狄俄尼索斯 / 费欧娜 / Sherrie / 乔苓 / 她 / 郝娣 / Shirley / 露露 / 张静宜 / Agatha / 黛尔德拉 / 郑成浩/郑素熙 / 杜十娘 / 许忆 / 梅瑞狄斯 / 孟潼/小月 / 辛克莱 / 幸存者 / 林林 / 玛莎 / 安妮 / 祝子 / 西施 / 小月
1160,林燕婷,,2,狄俄尼索斯 / 阿曼达
1161,王樵知,,8,狄俄尼索斯 / WOMAN2 / 她 / 韩爱珍 / 孔柳 / 安琪儿 / 玛丽·简 / 江昱
1162,陈膺浩,,2,普罗辛诺斯/无名的人/阿里阿德涅/警察 / 安普罗斯
1163,韩逸秋,,3,普罗辛诺斯/无名的人/阿里阿德涅/警察 / 多梅尼克/保罗 / 爱德蒙
1166,叶思琳,,4,JULIA / 花花 / 乔苓 / 玛莎
1167,黄雨蝶,,6,JULIA / 赵白雪 / Shirley / 玛莎 / 赛琳娜 / 小静
1168,缪银海,,1,CESAR
1169,赵嘉恒,,7,PATRICK / Oscar / 比利 / 辛吉 / 乔纳森 / 江清源 / 越冬
1170,姚一依,,5,HELEN / 白警官 / 韩秋子 / 妮娜 / 约瑟芬
1171,王竞琦,,17,HELEN / 狄俄尼索斯 / EMMA / 张静宜 / 罗纳德 / 安普罗斯 / 阿曼达 / 羽贯小姐 / 林薇 / 许寻 / 梅瑞狄斯 / 窥梦人 / 辛辰 / 黎辛 / 上官婉儿 / 黛安娜 / 顾乔
1172,胥子含,,16,曼曼 / 辛辰 / 青青 / ALICE / 李默 / 多琳 / 谢宛宁 / Jo / 卡司 / 林若南 / ABBEY / 孟潼/小月 / 辛克莱 / 神婆 / 周舒珩 / 杨玉环
1173,苗梦初,,8,沈文君 / 布兰登夫人 / 葛楚德 / 程妻 / 花冈靖子 / 李宁玉 / 花木兰 / 沈不疑
1174,付世刚,,3,齐志平 / 凯科斯法瓦 / WITCH HUNTER
1175,黄周,,1,齐志平
1176,刘泽星,,2,齐志平 / 王云生
1182,肖茜尹,,1,狄安娜
1183,史博伟,,1,普希金
1188,潘龙,,10,Michael / 鲍比·马丁 / 老板 / 亚瑟 / 卷毛 / 李浩民 / 埃里克 / Q / 吴名士 / 黄九良
1189,马海生,,10,Michael / 石神哲哉 / 怀特·希斯曼 / 金海鸣 / 刘建明 / 亨利·沃登 / 格雷·亨特 / 尤金 / 亚伦 / 维克多&雅克
1190,覃一凡,,8,Narrator / 凯瑟琳娜/罗西娜 / 天人 / 信佳佳 / 她 / 娟然 / 露露 / 黛娜&玛莎
1193,李景卉,,1,苍
1208,付翔,,6,费尧多尔 / 行政长 / 杨鼎天 / 炳三 / 吴志国 / 龙格&伊戈尔
1209,李泽美,,8,安东尼娅 / 琳达 / 克里斯汀·戴伊 / 守护人 / 娜塔莎 / 卢淑娟 / 黛西 / 西比尔·韦恩/夏罗·韦恩
1210,赵凡嘉,,8,斯乜尔加科夫 / 程勃 / 程子灵魂 / 郑微岚 / 辛克莱 / J / 周生辰 / 张山山/吴嘉
1220,李松楠,,1,秦岚妈妈
1235,陈芙蓉,,2,林嘉怡 / 曹平
1236,王智威,,8,窦豆 / 劳尔·沙尼子爵 / 叶思源 / 陆光 / 高景行 / S / 元稹 / 付平安
1237,张淼龙,,5,姜大海 / 李昙 / 魏利图 / 邵常来 / 吴名士
1248,卢佩珊,,1,少女
1249,向瑞雪,,1,青年女人
1250,曹蕊,,2,中年女人 / 妮娜
1251,张传昊,,1,R
1252,刘洋,,1,约翰
1253,黄雪薇,,1,酒吧女
1254,谭维维,,3,张桂梅 / 林晓静 / 沈不疑
1255,袁东方,,4,张桂梅 / 若兰 / 王闰之 / 兰兰
1256,淮梓伦,,3,老陈 / 邓锋 / 徐知州
1257,代玮,,9,沈老师 / 杜甫 / 靳天青 / 王玉明 / 窦豆 / 谢阳 / 萧子木 / 皎然 / 天青
1258,袁子玉,,3,小梦 / 农妇 / 纪小姐
1259,王琳瑶,,2,小梦 / 青霞
1260,徐梦丹,,1,木沐
1261,王迎月圆,,4,小易 / 张杰妮 / 李慧茹 / 李大梅
1262,毋子玥,,11,小易 / 明月 / 沈安娜 / 米娜 / 林嘉怡 / 秀儿 / 张凯艺 / 陈书婷 / 虫娘 / 许夕燃 / 花冈靖子
1263,桑云龙,,7,领导 / 老渔夫 / 通判 / 邓锋 / 马梦得 / 战三河 / 树百
1264,许越,,2,记者 / 老师
1265,侯岩松,,2,老陈 / 巫祝
1266,黄奕申,,3,老师 / 新郎 / 吴令钊
1304,白倬铭,,17,易浩瀚 / 蛰生 / Pluto / MAN1 / 老板 / 付平安 / 程小时 / 沈复 / 姜义俊 / J / 内森 / 陆行知 / 李功一 / 拉乔·皮勒 / 李饼 / 神秘男子 / Eggy
1305,张琛,,8,丁宁 / 姜大海 / 李默 / 齐志平 / 猛刀 / 林国平 / 吴名士 / 顾承野
1306,张博俊,,16,郑微岚 / 刘宝 / 鲍比·马丁 / 奥利弗 / 查理 / 老板 / 付平安 / 维佳 / 佟小贤 / 唐仁 / Man青年 / 孔繁星 / 李功一 / 幸存者 / 陈拾 / 比尔&迪肯
1307,刘岩,,11,金海鸣 / 周生辰 / 亨利·沃登 / 石神哲哉 / 闪电 / 闫先生 / 布星 / 伊谷春 / 陈永仁 / 范·米格伦 / 聂律师
1318,徐郑凯伊,,8,茜茜 / 梅瑞狄斯 / 多琳 / 小静 / LIZZIE / 贝拉 / 阿旭 / BRIDGET
1323,叶麒圣,,16,江阳 / 道林·格雷 / 埃德蒙 / 明诚 / 石神哲哉 / 金祐镇 / 杨戬 / 大庭叶藏 / 太宰治 / 何非 / 幻影 / 伊谷春 / 梅霜花 / X-黑暗 / 郑一 / 维克多&雅克
1324,王雪旌,,2,李静 / 布兰琪&爱塔
1325,张艺宝,,2,张超 / Q
1326,胡洁,,2,多功能2 / Ensemble
1327,何若水,,6,多功能3 / 护士 / 歌队 / BRIDGET / 黛安娜 / 图鲁克
1330,陈家淇,,1,歌尔德蒙
1344,陈楷,陈凯,17,易浩瀚 / 佳贤 / Stevie / Stevie / 老板 / 付平安 / 亨利 / 歌尔德蒙 / 格雷·亨特 / 那个男的 / 比利 / Multi Man / 天天 / 程小时 / 有缘人/薛蟠 / Sonny Boy / 武耀
1345,冯钰钢,,2,易浩瀚 / 爱德蒙
1366,张豫宁,,1,Mortimer（毛儿）
1367,曹品,,1,李轲
1368,周海莎,,1,唐芊
1369,张诗玥,,1,秋琰
1370,宋周鑫,,7,Sonny Boy / 咕咕 / 阿波罗 / 科伦 / Oscar / 醉仙 / Chi Chi
1382,赵皓辰,,1,Pride
1383,李子妍,,1,里德
1384,陈雅媛,,1,演员
1385,刘仲轩,,1,演员
1386,卢智燊,,1,演员
1387,莫珏邦,,1,演员
1388,九是无名,,1,白僖
1389,蔺彦沛,,1,吴仁
1390,刘勇,,1,诗人
1391,黎忆秦,,1,少年白居易
1392,陈垚,,1,少年湘灵
1393,梁梦瑶,,1,中年湘灵
1394,马佳,,3,魅影 / 吴起铭 / 吴志国
1396,陈志鹏,,3,守塔人 / 爱德华 / 辛吉
1398,孙天宇,,2,浩宇 / 查理&科林
1399,张铎,,15,佳贤 / 阿波罗 / 樋口先生 / 董斯云 / 疯子 / 李默 / 宇柏 / 李江鸥 / 崔民国 / 霍强/赵正明/张司城 / 弗雷 / 特瑞斯 / 薛临 / 幸存者 / 戴蒙
1400,许沁,,5,小亚 / 杜海燕 / 王初初 / 叶淑萍 / 吴芸
1401,铭亮,,2,曜 / 张万保
1402,李霄云,,1,庄周
1403,黄唯铭,,3,庄周 / 欧石楠 / 幻影
1404,高天鹤,,11,明世隐 / 云中君 / 赶路人 / 苏轼 / 玉旨一郎 / 余永泽 / 晶石 / 秦川 / 卢作孚 / 卢嘉川 / 公诉人
1405,陈乐一,,1,公孙离
1406,宋煊宁,,2,瑶 / 约瑟芬·韦伯
1407,金天泽,,1,云中君
1408,董志勇,,9,东皇太一 / 关怀 / 小妖 / 吕布 / 徐光博 / 王恒山 / 继莲和尚 / 王卫国 / 任重远
1409,张亚希,,1,李白
1410,高品,,17,曜 / 亨利 / Richard / 萧瑟 / 海曼 / 飞龙 / Sonny Boy / 阿然 / 阿尔托 / 梵高 / 罗世诚 / 歌尔德蒙 / 白居易 / 皮埃尔 / 来俊臣 / 沈洋 / 孙权
1411,刘丁松,,6,明世隐 / 大帝/道长 / 休·戴克 / 杜卡教授/光未然 / 奇幻 / 雅蒂
1412,袁岱,,3,东皇太一 / 大王 / 继莲和尚
1413,吴耿华,,1,操偶师
1414,刘泽蓬,,1,操偶师
1415,陈茜雅,,3,瑶 / 狄俄尼索斯 / 张静宜
1416,杨璐,,6,公孙离 / 乾达婆 / 守护人 / 林道静 / 蒙淑仪 / 王闰之
1431,潘艺贤,,1,中介
1441,李思其,,1,小青
1442,雷淇羽,,1,白素贞
1447,苗芳,,1,Sai中年
1462,徐栋,,4,贝内代托 / 刘子衡 / Joey / 白小年
1469,小柯,,2,户可乙 / 邱晨
1471,礼朋,,1,王大爷
1472,孙健文,,1,其他
1480,苏晗,,1,户妈妈
1481,韩玖诺,,1,李晶晶
1482,郭美林子,,2,李晶晶 / 女评委
1483,毕远峰,,2,流浪歌手 / 户可乙
1484,童鹏宇,,1,桑大夫
1485,王驰,,1,李维斯
1486,梁熙彬,,1,女歌手
1487,刘轩宁,,1,小晶晶
1488,王曼娜,,1,其他
1489,彭珍芝,,1,其他
1490,古尔阿日西雅,,1,其他
1491,夏天,,1,其他
1492,樊星,,1,户可乙
1495,姚迪,,1,乐手
1502,黄子弘凡,,3,卢凌风 / 路放 / 幻影
1503,刘璐,,2,柳莺莺 / 陈姨太
1504,宁梦恬,,13,柳莺莺 / 大顺凡 / ALICE / 李雨墨 / 思诺 / 瑞吉娜 / 戈布 / 伊谷夏 / 林若南 / 红莲 / 许忆 / Anna / 白松
1505,王浩然,,3,徐自 / 顾田 / 王天平
1506,王嘉,,7,徐自 / 男群 / O126 / 周大福 / 许寅虎 / 哈桑 / 树百
1507,刘宜林,,1,罗一手
1508,王靖棋,,9,罗一手 / 刘大 / 疯老道 / 陈刀荃 / 常志胜 / 颜新维 / 金大牙 / 老蜀通 / 陈少湖
1509,杜豪洪,,3,刘大 / 许寅虎 / 花父
1510,李荣,,1,陈氏
1511,林世杰,,4,顾田 / 霍普 / Man少年 / 马鸣鹤
1512,文嫣,,1,曼陀罗
1513,杜子华,,1,笛箫尺八
1514,姚佳慧,,1,古筝
1515,李汶翰,,1,谢雁
1516,李思阳,,2,曼陀罗 / 小狐仙
1517,俄吉古古,,3,休·戴克 / 威廉&斯特里夫 / 秦峰
1538,党韫葳,,18,阿尔东莎 / 许静雅 / ALICE / Mandy / 老板 / 阿洛伊西亚·韦伯 / 阿香 / 沈文君 / 辛西娅 / 秀儿 / 谢宛宁 / Jo / 窥梦人 / MARGARET / ELSPETH / 芸娘 / 上官婉儿 / 王昭君
1539,卞佳平,,6,桑丘/侍从 / 贝尔图乔 / 酒馆老板/小丑 / 陆子野 / 吴志国 / 公诉人
1540,李金哲,,6,旅店老板/司令 / 老板 / 邓锋 / 李客 / 徐知州 / 多洛霍夫
1541,武阳坤,,5,卡拉斯科医生/公爵 / 科伦 / 胡适 / 班长 / 刘枫
1542,乐巍,,4,神父/何塞 / 郝医生/风医生 / 路西法 / 仲禹
1543,米娅,,1,管家
1544,郑正,,2,佩德罗 / 科洛雷多
1545,陈卓玥,,1,安东尼娅
1546,郑玲,,2,玛利亚 / 谢尔巴茨卡娅
1547,蒋梦诗,,2,理发师/费尔迪南 / 弗里多林·韦伯/约瑟夫二世
1548,李曌,,2,审讯队长/帕科 / 舒曰信等
1549,沈道灵,,1,小驴/帕斯卡尓
1550,汪晓宇,,1,小马/达里奥
1551,刘贺,,1,加西亚
1552,杜牧,,3,Stevie / 辛吉 / 程小时
1573,项裕,,4,黑狐 / 维佳 / 疯子 / 杨鼎天
1574,税子洺,,1,王升
1575,高金秀,,1,穆欣
1576,周子钧,,2,富贵 / 卢部长
1577,于洋,,12,穆欣 / 全场多功能人 / 刘大嫂 / 妈妈 / 艾芙琳 / 罗茜 / 王媳 / 丁玉兰 / 岚姐 / 江小姐 / 沈余红 / Ensemble
1578,孔孔成,,1,王升
1579,张馨元,,1,白狐
1580,韩雪,,1,唐泽雪穗
1581,邱椿博,,3,高宫诚 / 筱冢一成 / 筱冢康晴
1582,张光磊,,6,桐原洋介 / 赵盾 / 船长 / 韩厥 / 来俊臣 / 斯蒂芬&费尔南多
1583,王赵沫妍,,1,藤村都子
1584,朱佳艳,,4,川岛江利子 / 夜莺 / 林贞/陈潇妈 / 桂芳
1585,黄晓婕,,3,夏晓雪 / 阿鼓 / 云清
1586,MOSSA（壹指团体）,,1,Rapper
1587,范金锴,,5,中冢警官 / 吉米·马丁 / Pu青年 / Oscar / Tom
1588,刘禹彤,,5,西本文代 / 全场多功能人 / Narrator / 辛西娅 / 费尔法克斯
1589,翟诗曼,,2,唐泽礼子 / 歌队/舞者
1590,孙锋,,1,舞蹈队长
1591,李明哲,,1,舞蹈队长
1592,杨坤,舞蹈,1,歌队/舞者
1593,许智淇,,2,歌队/舞者 / 窦豆
1594,王鹏屹,,1,歌队/舞者
1595,高小茜,,3,歌队/舞者 / 亡魂（林花） / 亡魂（寒雨）
1596,孙铖,,1,歌队/舞者
1597,许伊瑶,,1,歌队/舞者
1607,邵玎,,9,刘宝 / 潘佑 / 李景遂 / 沉香/刘彦昌 / 奥尔森 / 叶思源 / 朱瞻基 / 于格 / 刘大峰
1608,娄睿,,7,小顺凡 / 多功能人 / 狄俄尼索斯 / 张静宜 / 小有真 / 崔曼宁 / 任安然
1609,张曦文,,2,影子 / 全场多功能人
1611,田水,,1,徐静
1620,钱海睿,,6,马库斯警官 / MAN2 / 李弘冀 / 高渐离 / 梵高 / 富安
1625,周宇杰,,13,萧瑟 / 怀特·希斯曼 / 俊一 / 塞修 / 李江鸥 / Lucas / Poe / 莫德雷/奥德修斯 / 薛临 / 莫雷亚 / 浩宇 / 日值差使 / 顾承野
1626,许昌泰,,18,无心 / 亚瑟 / 白居易 / 元稹 / 叶白 / 格雷·亨特 / 埃里克 / 歌尔德蒙 / 里奥 / 梵高 / Teddy / 莫迪里阿尼/艺术家 / Nathan / 李有锡/韩叙潾 / 朴智錫/尹书恩 / 辛克莱 / 佳贤 / A
1627,陈韬,,5,袁术/黄祖 / 赵盾 / 严良 / 吴名士 / 尹大志
1628,钟汉良,,1,袁术/黄祖
1629,贺梦洁,,2,WOMAN1 / 贞娘
1630,袁野,,5,MAN2 / 休·戴克 / 张超 / 说书人 / 王天平
1631,张钟仪,,1,WOMAN2
1632,韩霜,,1,WOMAN2
1633,马青利,,1,WOMAN2
1641,韩晶如,,1,林芬
1647,徐晞城,,2,达达 / 靖元
1648,陈铉之,,2,漼广 / 社长
1649,孟源,,1,漼风
1650,陈诗丹,,6,女群 / LIZZIE / 钱雨霏/甜甜 / 白狐 / 风莎燕 / 夏禾
1651,林梦艾,,2,女群 / 老板
1652,莫玉滢,,2,女群 / 董钰知
1653,王冠华,,1,女群
1654,王奕,,1,女群
1655,邹楚瑜,,3,女群 / 新娘/女学生 / 帕拉萨特·巴赫提
1656,陈炅明,,2,男群 / Jervis
1657,高有顺,,1,男群
1658,潘天国,,2,男群 / 杨刀郎
1659,赵嘉豪,,6,男群 / 付平安 / 伊萨克 / 石头 / 雷无桀 / 飞龙
1660,朱凯龙,,1,男群
1661,段霁洛,,1,Stevie
1662,孙航,,1,小提琴
1663,茜仑,,1,小提琴
1664,郑瑞诺,,1,小提琴
1665,徐丽东,,10,LIZZIE / 梅茜苔丝 / 安娜 / 花冈靖子 / 尹心惪 / 启夏 / 格雷琴 / 李佳音 / Sara / 茱莉亚&凯瑟琳
1666,杨舒妍,,3,LIZZIE / 李月圆 / 玲玲
1667,郑涵一,,16,EMMA / 渡渡鸟 / 伊敦 / 韩爱珍 / 乐满分 / 辛西娅 / 珍妮/瓦利 / 阿曼达 / 沈文君 / Abby / 矢代翼 / 奎妮/伊丽莎白 / ELSPETH / 于贝 / 玛丽·简 / 白松
1668,刘烨,女演员,4,BRIDGET / 林艳梅 / 瑞吉娜 / 子姗
1669,王艺鸥,,2,ALICE / 老板
1671,王哲,,1,王天风
1674,余笛,,5,巴兹尔·霍尔沃德 / 沈复 / 纳尔齐斯 / 陆羽 / 汤川学
1687,陈彦汗,,2,孙河 / 普罗辛诺斯/无名的人/阿里阿德涅/警察
1688,李泓辰,,2,黄盖 / 李冬生
1689,王芳怡,,2,舞女王氏 / 全场多功能人
1690,徐琦皓,,2,王朗 / 全场多功能人
1691,李俊杰,内地,5,王朗 / 泽罗 / 焦得利 / 塞修 / 爱德蒙
1692,马羿,,2,曹操 / 李定
1693,胡翱沅,,1,吕蒙
1694,刘放,,9,全场多功能人 / 阿福 / 李定 / 椿伢子 / 闫洪杰 / 刘波/苟向东 / 黑哥 / 李三喜 / 竹青
1695,任静怡,,2,全场多功能人 / 管家
1696,王杰,,1,全场多功能人
1697,刘子赫,,18,全场多功能人 / 怀特·希斯曼 / 特瑞斯 / 怀恩 / 叶白 / 埃里克 / BUTTON / 付平安 / 奥尔森 / 霍普 / 小白 / 乔纳森 / Doyle / 特斯拉 / 尤安 / 许忆 / 沈亮 / 幸存者
1698,窦威,,2,全场多功能人 / 卢部长
1699,李瀚舒,,1,全场多功能人
1700,尚一航,,6,全场多功能人 / 陈乔年 / 元稹 / 铁皮 / 李江鸥 / 高正
1701,曹嘉月,,3,全场多功能人 / 伯莎 / 尤安
1702,陈道胜,,1,全场多功能人
1703,宋远鹤,,1,全场多功能人
1704,罗红坤,,1,全场多功能人
1705,娄艺潇,,1,梅茜苔丝
1706,席同歌,,8,贝内代托 / 哈苏 / Lost乐队主唱 / 特鲁法尔金诺 / 秦德林 / 金大牙 / 羊有裕 / 加藤
1707,索朗顿珠,,5,阿尔贝 / 郑成 / 小波罗 / 尼古拉 / 多吉
1708,袁帅,,4,阿尔贝 / 波尚 / 巴沙 / 水一杉
1709,黄恩茹,,2,瓦伦缇娜 / 黑发少女
1710,刘宇希,,7,埃尔米娜 / 路晓欧 / 淑贤 / 楚楚 / 柳絮影 / 罗珠珠/王晓娟 / 沈亮
1711,苏晔,,3,埃尔米娜 / 乾达婆 / 安娜
1712,陈梓豪,,2,波尚 / 大根
1719,阿杰,,1,老板
1721,张弌铖,,1,厨师长
1722,刘爽,,1,孔艳艳
1723,张功长,,1,赵医生
1724,罗欢,,1,小护士
1725,李智浩,,1,皮皮虾
1726,张亚茜,,1,董事长夫人
1727,陈育新,,1,董事长
1728,吕京,,1,苏苏爸
1729,杨佐夫,,1,苏苏
1730,郭炳琨,,2,苏文静 / 苏苏
1740,洪之光,,1,渥伦斯基
1741,王艺清,,1,卡列宁
1742,吴轶群,,1,卡列宁
1743,胡矿,,1,渥伦斯卡娅
1744,徐晶晶,,3,帕蒂 / 守护人 / 孟一秋
1745,熊郁菲,,1,帕蒂
1746,何杉,,2,谢尔巴茨公爵 / 朱家骅等
1747,黄隽秋,,1,谢尔巴茨卡娅
1753,王杨,,3,李从嘉 / 奥尔森 / 白居易
1754,申帅,,5,亡魂（林花） / 亡魂（梧桐） / 魅 / 多功能 / 歌队
1755,叶秋,,2,亡魂（玉钩） / 亡魂（梧桐）
1756,任洪乐,,1,李从善
1757,陈薇,,2,周女英 / 亡魂（寒雨）
1758,王佳璇,,2,亡魂（林花） / 歌队
1768,刘晓燕,,6,艾芙琳 / 叶淑萍 / 钱韵玲 / 莉迪亚 / 小灵 / Lydia
1769,王款儿,王雨姝,14,艾芙琳 / Multi- girl / NoVA / 老板 / 信佳佳 / 韩秋子 / 辛辰 / 阿香 / 罗招娣 / 戈布 / 杜胜男 / 洪瑛 / 皮皮 / Mary
1770,尹贝希,,1,艾芙琳
1771,赵磊,,2,科伦 / 帝星
1772,黄炜帆,,2,多功能人 / 关怀
1773,刘艺诺,,1,多功能人
1776,高星衍,方潇亦,5,周仁章 / 狄辰 / 陈延年 / 巴萨尼奥 / 西里维厄
1777,孙一城,,17,周仁章 / 宋阳 / 小黑 / 泽罗 / 卡路 / 世美 / 韦恩 / 巴萨尼奥 / 阿然 / Alex / Poe / 里奥 / Richard / 比尔 / 埃里克 / 德米安 / A
1778,杨少泽,,3,周仁章 / 村民 / 陈辉
1779,庞东轩,庞凯航,8,莲叶 / David / 里奥 / 丹尼尔 / 比尔 / 比尔&迪肯 / 李K / 戴蒙
1780,朱羿达,,9,莲叶 / 卡路 / Sonny Boy / 李家辉 / Doris / Doyle / 陆光 / 浩宇 / 刘白
1781,邓烺怡,,1,狄辰
1782,彭兰乔,,1,Multi- girl
1783,陶轶琪,,1,玛利亚
1784,赵轩霆,,1,加西亚
1785,胡轩豪,,1,顾田
1786,顾明漪,,1,陈氏
1787,曹杨,,1,开普勒
1795,薛佳凝,,1,晋国公主
1796,宗雪健,,5,韩厥 / 巫祝 / Johnny / 风树 / 马醉灯
1797,谢馨仪,,2,宫女 / 指挥长
1804,彭为,,1,刘小敏
1809,孔雁,,1,长公主
1810,刘靖,演员,1,刘子衡
1811,朱文宇,,1,李白（舞）
1812,戴宸,,1,周生辰
1813,王骏迪,,3,花冈靖子 / 陈麦/沈曼 / 李佳音
1826,鞠红川,,11,向晓辉 / 明楼 / 老板 / 李想 / 寒江 / 闫先生 / 这个男的 / 路放 / 郝杰 / 苏轼 / 王恒山
1827,张呈吉,,4,阿毛 / 雷无桀 / 老K / 李伟民
1828,方旭,,1,小贩
1830,王子源,,1,格雷·亨特
1836,潘莉,,1,明镜
1842,张书豪,,3,李大山 / 储君 / 老班头
1844,曹屿辰,,3,卡路 / 白鸽 / 那个男的
1845,戴家晟,,4,塞修 / 阿毛 / Pride / Doyle
1846,武冠辰,,6,达达 / Sonny Boy / Richard / 陆光 / 雏鸟 / Seren
1847,仇艺凝,,1,多功能
1848,高艺菲,,2,多功能 / 冯辛
1849,李金城,,4,多功能 / 阿猫 / 张大根 / Seren
1850,唐一可,,1,多功能
1851,马宁伟,,1,多功能
1852,窦承俊,,1,斯特劳斯
1853,徐霖纳,,1,唐芊
1854,陈皓楠,,1,高正
1856,熊梓淇,,1,独孤月
1857,宗智煜,,1,袋鼠
1858,常浩泽,,1,袋鼠
1859,吕太良,,1,爷爷
1860,黄朝阳,,1,老公
1861,印小倩,,3,老婆 / 简 / 信佳佳
1862,黄旖,,3,妹妹 / 露露 / 乔安娜
1863,徐蜜聪,,6,妹妹 / 贝拉 / 有缘人/金钏儿 / 玛莎 / 旧书市之神 / 李时愿
1864,张淞,,1,马拉松
1865,李铭祖,,1,马拉松
1866,何岳城,,2,多功能人 / 周大福
1867,杨磊,,4,多功能人 / 舞者 / 韦恩 / 梁科长
1868,李昌龙,,1,舞者
1869,郑嘉惠,,1,舞者
1870,季子晴,,1,舞者
1871,何聚霆,,1,舞者
1872,朱婷,,1,舞者
1873,陈沫儿,,1,舞者
1874,刘畅,舞者,1,舞者
1875,宋鳃鹏,,1,舞者
1883,李雄辉,,1,冯老太爷
1892,陈宁,,1,琴表妹
1893,范卫华,,1,周氏
1894,梅杰,,1,高老太爷
1895,毛云飞,,2,高觉民 / 高克明
1896,徐圣兹,,1,Oscar
1897,陈煜生,,1,杰弗瑞
1898,张弋,,9,守塔人 / 周大福 / 阿泰 / 波特 / 怀亚特 / 奇才 / 玛尼 / 哈桑 / Pride
1900,刘杨,,2,艾米&老板娘 / 靖元
1901,赵云霄,,5,东皇太一 / 闫洪杰 / 马仁 / 塔米尔 / 欧文
1902,张心心,,4,公孙离 / 林春晓 / 徐梦遥 / 楚千朵
1903,冒海飞,,11,内森 / 老板 / 怀特·希斯曼 / 石神哲哉 / 刘夏 / 金祐镇 / 辛小丰 / 张小敬 / HEDWIG / Tom / 亨利&怪物
1917,蔡璐,,3,梅瑞狄斯 / 乔苓 / 胥紫冬
1918,尤宣程,,14,Jack / 浪漫派诗人/Edward周 / 丈夫 / 李家辉 / 郑千里 / 于格 / 小伟 / 塔米尔 / 爱德蒙 / Richard / 德米安 / 江昱 / 黑衣人 / 戴蒙
1919,孙之骥,,3,怀亚特 / 东堂先生 / 郭婆带
1920,王子初,,1,哈利
1921,郭泽学,,4,多梅尼克/保罗 / Johnny / 沈砚/周慕云 / 胡汉三
1922,胡天祺,,1,亨利二世/安东尼
1923,杨辰一,,1,亨利二世/安东尼
1924,姜可夏,,1,夜莺
1925,秦雨,,1,夜莺
1926,谢金格,,4,夜莺 / 韩爱珍 / 罗纳德 / 雯雯
1941,孙路路,,1,老板
1942,杨天翔,,1,老板
1943,张福正,,1,老板
1971,钟嘉媚,,3,天人 / 月娃 / 薛临
1972,唐雨菲,,1,天人
1973,刘彬濠,,6,巴沙 / 丁之遥 / 林嘉兴 / 王也 / Nathan / 格雷·亨特
1974,于妍,,1,拉拉
1986,达尔,,1,多功能
2003,孟雨,,1,雷无桀
2004,张一凡,,1,雷无桀
2005,张晟嘉,,2,雷无桀 / 多功能
2006,陈诗,,9,无心 / 特瑞斯 / 里奥 / 游亦 / 韦恩 / Teddy / 一枝花 / 方崇心 / 辛克莱
2007,汤邵文,,11,无心 / 安普罗斯 / 董斯云 / 休·戴克 / 萧瑟 / 特瑞斯 / 乔纳森 / 埃里克 / 崔民国 / Poe / 普罗辛诺斯/无名的人/阿里阿德涅/警察
2008,王梓,配音演员,1,多功能
2009,赵洋,,1,多功能
2010,虞晓旭,,1,多功能
2011,梁朋杰,,3,喵喵 / 维佳 / 齐璞
2012,刘羿含,,6,池桂兰奶奶 / 洪瑛 / 徐秀美 / 桂芳 / 阳阳/李姐 / Mary
2017,张诗漫,,5,绿蝶 / 李月圆 / 三圣母 / 戴望星 / 孙贵妃
2018,江珊,,3,徐阿嬷 / 任采莲 / 安高原
2019,徐钰斐,,1,琳达
2020,王珏语涵,,9,红柳 / 月娃 / 小白 / 国王 / 李玉屏 / 窥梦人 / 安琪儿 / 阳阳/李姐 / 黎辛
2021,冯兰婷,,1,红柳
2022,张晓宇,,1,红柳
2023,黄湙云,黄欣靓,8,老冀 / 大壮 / 肖胜利 / 南仲 / 李队 / 哈苏 / 通判 / 乔时星
2024,赵雨阳,,1,罗杰
2025,袁梦轩,,4,罗杰 / 大个儿 / 荷鲁斯 / Ensemble
2026,徐晓玥,,2,多功能女 / 林贞/陈潇妈
2027,刘柏辰,,2,多功能男 / 垃圾佬（声爷）
2028,李泽楷,,4,徐家俊 / 阿声 / 卢嘉川 / 穗生
2029,王尊强,,3,王阿婆 / 垃圾佬（声爷） / 水伯
2030,王璀璇,,2,洪伟杰 / 虎爸
2031,王子艺,,1,杨鼎天
2032,马小辈儿,,1,周大福
2033,李雪银,,4,信佳佳 / 梅依 / 王雪英 / 路遥
2034,林瀚青,,4,杨鼎天 / Simba / 皮特 / Pete
2035,葛泽扬,,2,杜海燕 / 艾芙琳
2036,肖咏轩,,1,周大福
2037,周媛媛,,2,杜海燕 / 奶奶
2038,田格,,4,信佳佳 / Mary / 妮娜 / 简
2041,王啸坤,,2,汤川学 / 堀木正雄
2042,谭睿蕾,,2,李梦 / Agatha
2050,牟溢,,4,老城主 / 瓦西里 / 卢运启 / 葛明礼
2051,任晓芳,,1,大壮媳妇
2052,张菁,,1,姐姐 & 宫女
2053,肖颖婕,,6,妹妹 / 小曼 / 晓霞 / 娜拉 / 陈传武 / 青霞
2054,王晶,,2,村民 / 晓霞
2055,贾丽洋,,1,村民
2056,莫珂,,1,村民
2070,魏瑾,,2,王初初 / 娜拉
2071,周晓芃,,1,方崇心
2075,秦子然,,1,小英
2076,侯睿,,1,小英
2077,黄筱琳,,1,仙娜
2078,王闻乐,,1,仙娜
2079,康嘉诚,,1,雅科夫
2080,刘铭杰,,1,林先生
2081,黄瑞珺,,1,秦岚妈妈
2082,王晶琬,,4,多功能人 / 心慧/素素 / 洪瑛 / 江鱼儿
2092,林彦俊,,1,林格
2093,王涵宇,,1,卢晨
2094,赵晏伯,,9,卢晨 / 陈雨生 / 杜甫 / 子谦 / 赶路人 / 陈季常 / 王恒山 / 志摩 / 塞上萧
2095,王上斌,,1,老板
2096,卢天,,4,高觉新 / 小六子 / 游亦 / 小伟
2097,陈檀雅,,10,李瑞珏 / Abby / 判官/小鬼 / LIZZIE / 孙贵妃 / 乔安娜 / 林正民/金夏温 / 德米安 / Jo / 幸存者
2098,王艺璇,,2,钱梅芬 / 王晓燕
2099,余李敦,,1,高觉慧
2100,张真源,,1,高觉慧
2101,郑玥,,5,周氏 / 李瑞珏 / 沈安娜 / 白丽萍 / 林道静
2102,开思源,,1,高老太爷
2103,马超,,1,高觉民
2104,邱鑫悦,,1,艾玛
2105,罗唯豪,,2,约翰 / 丈夫
2110,欧阳乔子,,8,艾米&老板娘 / Ensemble / 梅瑞狄斯 / 艾丽莎 / 黛尔德拉 / 朴智錫/尹书恩 / 莫雷亚 / 苍
2111,陈昊宇,,2,尹心惪 / 顾小梦
2112,黄龄,,2,尹心惪 / 格洛瑞亚
2132,蒋博宁,,1,高克安
2133,杨天睿,,1,高克定
2134,塔米拉,,1,高克明
2135,白硕,,1,沈氏
2136,高艺娜仁,,1,王氏
2137,张延上茗,,2,巫师 / 冯老太爷
2138,浦弘斐,,9,小六子 / 高觉新 / Lucas / Daniel / 爱德华 / 小松 / 郑成浩/郑素熙 / 李K / 张衡
2139,李佳颖,,2,婉儿 / 王氏
2140,郭钰,,1,喜娘
2141,张颖菲,,1,鸣凤
2142,窦程程,,1,琴表妹
2143,马尚之,,2,高克安 / 孙富
2144,刘子壮,,1,高克定
2145,艾虹霖,,1,高克定
2146,刘开来,,1,高克明
2147,许环亚,,3,王氏 / 周氏 / 林知瑾
2148,王瑞溪,,1,沈氏
2149,刘依萍,,3,陈姨太 / 钱梅芬 / 秀玲
2150,张力夫,,7,冯老太爷 / Lucas / 威廉 / 越冬 / 张衡 / 查尔斯 / 爱德华
2151,牛炯文,,1,老公
2155,闫士俊,,1,先帝亡灵
2158,钱可欣,,6,Multi- girl / EMMA / 疯子 / 赵老师 / Ensemble / 孟潼/小月
2162,张忆亚,,3,Lonny / Hertz / 局长
2163,刘泉君,,4,Franz / Cee少年 / 向之歌 / 向晓辉
2164,楚笛,,1,Regina
2165,王炳,,7,Ensemble / 俊一 / 丁海峰 / 阿尔托 / Richard / Sonny Boy / 尤安
2166,周煜彬,,1,Ensemble
2168,沈育奇,,10,白居易 / 无心 / 爱德华 / 小贩 / 威廉 / 有缘人/蒋玉菡 / 莫德雷/奥德修斯 / 许忆 / 苏轼 / 苏辙
2169,卢翰林,,15,元稹 / 乔纳森 / 海曼 / 天天 / 何松 / 卡路 / Teddy / 歌尔德蒙 / 雕像 / 程小时 / BYSTANDER / 托马斯 / 启夏 / 内森 / 苏辙
2170,叶宇锋,,14,元稹 / 情人（妻子的） / 塞修 / 小白 / 海曼 / 猛刀 / 何松 / Eggy / 于格 / 麦克/托马斯 / 陈拾 / 刘宝 / Chi Chi / 苏辙
2174,郑思文,,1,黄旗帮首领
2175,孔维,,1,陈姨太
2176,高闻天,,2,小六子 / 高觉新
2177,程雅昭,,1,婉儿
2178,项倩,,1,艾芙琳
2179,郑金铠,,4,Richard / 霍普 / 卡路 / 韦恩
2180,王常凯,,2,Oscar / 卡路
2181,王博睿,,7,Richard / 尼古拉斯 / 怀特·希斯曼 / Tony / 埃里克 / 漫画家 / 爱德华
2208,王一哲,,2,丁之遥 / 李二狗
2209,刘美麟,,1,林春晓
2210,计听然,方圆,1,林春晓
2211,程龙,河北歌舞剧院,1,肖胜利
2212,黄琦雯,,1,张杰妮
2213,李胜军,河北歌舞剧院,1,老渔夫
2216,杨闫乐,,10,安德烈先生 / 王磬 / 二根 / 老贾 / 姜大海 / 郑千里 / 陈小达 / 沈和平 / 李建国 / 冯援朝
2217,袁也,,2,许平儿 / 妮娜
2218,安婧祎,,2,许平儿 / 心慧/素素
2219,谭建业,,4,储君 / Joey / 乔纳森 / 韦恩
2220,吴凯泽,,1,老班头
2221,杨雨婷,,1,大娘
2222,孙紫薇,,1,大娘
2223,孙晶俐,,2,二娘 / 许平儿
2224,林梦圆,,1,三娘
2225,闫栋,,1,王磬
2226,殷赫阳,,1,王磬
2227,梁广,,2,Joey / 富贵
2228,田恬,,3,心慧/素素 / 娜塔莉 / 艾丽莎
2229,江柏成,,3,刘子衡 / 黄九良 / 范泰
2230,贺童童,,1,二娘
2231,魏卓妍,,1,三娘
2232,张新川,,3,刘子衡 / 孙海峰 / 岳军
2281,张金鑫,,2,尼古拉斯 / 漫画家
2282,樊哲,,8,尼古拉斯 / 科伦 / 塞修 / 奥尔森 / 陆光 / 多功能人 / 韦恩 / 浩宇
2283,王佑名,,7,科伦 / 霍普 / 神秘人 / 比利 / 漫画家 / 爱德华 / 赤珣
2284,郑婉霞,,5,艾芙琳 / 花花 / 梅瑞狄斯 / 玛莎 / 乔纳森
2293,薛皓垠,,1,景洲
2294,王庆爽,,1,绮琴
2295,郑晓晶,,1,陈丽丽
2296,陈昱,,1,徐庸
2297,姚中译,,1,周大帅
2298,冯硕,,1,周夫人
2299,包代崧,,1,思国
2300,张思佳,,1,画屏
2301,彭彬,,1,掌柜
2302,王辉,演员,1,东洋老板
2303,陈协耀,,1,神秘人
2305,矫子奕,,3,小曼 / 霍莉 / 杜海燕
2314,章小敏,,1,秀娘
2354,韩炜,,1,邹力
2355,潘旭,,1,邹力
2356,李思音,,1,Maple
2357,刘岩鑫,,1,站长
2362,罗月宁,,1,Mary
2363,蒋佳君,,2,Simba / 怀亚特
2364,范可妮,,7,李月圆 / 辛辰 / 有缘人/丫鬟 / 花花 / 孟潼/小月 / 沈亮 / 许忆
2365,许诗翊,,3,月娃 / 谢宛宁 / 黎槿
2366,王莹,,1,陆彩依
2367,吴静,演员,1,陆彩依
2368,林萍,,1,马天华
2369,李垚垚,,3,马天华 / 妮妮 / 徐秀美
2370,朱桦,,1,陈宏
2371,霍元圆,,1,陈宏
2372,赵云红,,1,那欢
2373,霍姝君,,1,那欢
2374,林杉,,1,杨东明
2375,关文庆,,1,顾飞白
2376,王玉兰,,1,那奶奶
2377,许晓瑄,,1,妮妮
2378,胡正昊,,1,狒狒
2379,江海洋,,1,万能人
2380,张澜馨,,1,万能人
2381,杜佳禧,,1,万能人
2382,李珺哲,,1,万能人
2383,胡艺蕾,,1,王桂芝
2384,王婉凝,,2,刘佳怡 / 何娟娟
2392,王玥,,1,陈墨
2395,訚语涵,,1,符婳
2396,石钰锋,,1,黎铭
2397,洪培文,,3,黎铭 / 阿风 / 乔纳森
2398,李姿莹,,1,多功能人
2399,郭治宇,,1,多功能人
2400,王伍伟,,1,孔洙
2401,陈臻,,1,真金
2402,谢雨,,1,孔柳
2403,黄爽,,1,秀娘
2404,张殿宇,,1,孔端友
2405,耿凡茜,,2,梅格·吉瑞 / 有缘人/金钏儿
2406,凌其尔,,1,Justice
2407,吴哲晗,,2,安普罗斯 / 羽贯小姐
2416,王笑语,,1,二娘
2417,韩烨,,1,二娘
2420,王昊,,1,老乌
2421,徐磊,,3,李小姐妈妈 / 贾母/有缘人 / 徐静
2422,毛唯嘉,,1,她
2423,王晟熙,,3,小曼 / 小叶 / 顾乔
2426,曾涌麟,,2,穆天明 / 陈启耀
2438,张傲生,,2,吴指南 / 常志胜
2439,陈熙,,2,李月圆 / 吴芸
2440,华英杰,,8,杜甫 / 陈默 / 阿杰 / 班长 / 丹尼尔 / 顾四海 / 启玄子 / 圣约翰&派洛特
2441,黄冠菘,,1,李客
2442,左雅,,1,杨贵妃
2443,徐铭聪,,1,杨贵妃
2444,赵子璇,,1,老妪
2445,杜恒,,1,李白（舞）
2446,姜义哲,,10,塞修 / Eggy / 龙 / 孔繁星 / 程小时 / 奇才 / 梵高 / 陈拾 / 李有锡/韩叙潾 / 科明斯基
2451,周一男,,11,小九 / 霍普 / 李默 / 玛尼 / 泽罗 / 海曼 / 宇柏 / Doyle / 越冬 / 沈亮 / 托里
2452,罗晓筱,,3,奶奶/店员 / 向晓玲 / 雯雯
2453,张淇,,1,沃夫冈·阿玛德乌斯·莫扎特
2454,胡浩,,1,安东尼奥·萨列里
2455,满江,,1,利奥波德·莫扎特
2456,王赛罕娜,,1,康斯坦萨·韦伯
2457,王艺,,1,卡瓦列里
2458,马文亮,,1,罗森博格
2459,魏驿欢,,1,萨西莉亚·韦伯
2460,阿妮尔,,1,安娜玛利亚·莫扎特
2461,钟文斌,,1,洛伦佐·达·彭特
2462,张芷妍,,5,索菲·韦伯 / 乔苓 / 罗招娣 / 陈妍 / Lydia
2463,李静怡,,1,董事长夫人
2464,王凯,,5,寒江 / 郝杰 / 王恒山 / 安德烈 / 卢嘉川
2465,王筝,,1,蔡粒粒
2466,杨宝心,,1,杜帅
2467,田园,,1,秋子
2479,李想,男高音,2,苏轼 / 董才
2480,郭格羽,,3,苏轼 / 徐知州 / 通判
2481,马学帅,,2,苏轼 / 神宗
2482,李科,,7,苏辙 / 酒真人 / 徐知州 / 通判 / 吕布 / 白泽 / 叶峰
2483,李尚毅,,1,苏辙
2484,郭毕东,,4,欧阳修 / 继莲和尚 / 白守仁 / 玄宗
2485,蒋一达,,3,张璪 / Ensemble / 欧文
2486,西楚,,1,王弗
2487,谭淳之,,2,苏母 / 拉斐尔
2488,刘策,,1,神宗
2489,张铭烜,,1,黄庭坚
2490,金池,,2,蔡粒粒 / 阿珍
2497,董诗云,,1,玲玲
2504,秦震,,1,陈记者
2505,郭子豪,,1,将军等
2506,毛迪,,3,难民/父亲等 / 员外 / 张总
2507,任真慧,,3,小女孩 / 小白 / Kitty
2508,熊泽宇,,2,秘书等 / 陈记者
2509,申开丽,,1,官太太等
2510,谭皓罡,,1,董必武等
2511,李雅伦,,4,职员、贵妇等 / 林慧 / 列车员/孔大娘 / Amanda
2517,欧阳朵朵,,1,小提琴
2523,董丹军,,1,曹操
2527,侯俊羽,,3,Lucas / 博士 / 李响
2529,李凤霞,,1,蔡文姬
2530,张子盛,,1,董祀和蔡邕
2531,张玉龙,,1,左贤王和大胡儿
2532,牛云峰,,1,周进
2533,李阳,,1,小文姬和小胡儿
2534,周捧,,1,阿丽娅和雁儿
2535,白百何,,1,乔暖暖
2536,王铮亮,,1,杜帅
2537,张家祺,,6,小宇 / 萨米 / 小松 / Stevie / Chi Chi / 德厚
2538,唐飞,,3,格雷·亨特 / 漫画家 / 埃里克
2539,罗明晖,,8,休·戴克 / 守塔人 / 爱德蒙 / 高教官 / 阿江 / 陈怀民 / 乔纳森 / 靖元
2540,王滢钰,,2,纪子小姐 / 琳
2564,方汶,,1,小百岁
2565,周东升,,1,刘来子
2566,毛雷尔,,1,吴春来
2569,王禹桐,,1,Eggy
2570,刘玥岑,,1,心慧/素素
2571,张力升,,8,安普罗斯 / 萧瑟 / 埃里克 / 格雷·亨特 / 阿然 / 里奥 / 周行 / 小亚
2572,郭珍艳,,4,林贞/陈潇妈 / 蓓蓓 / 乐满分 / 皮皮
2573,张嘉豪,,5,陈潇/陆鸿斌 / 程小时 / 张楚岚 / 哈桑 / 薛临
2581,赵乾景,,1,闫先生
2582,张栩晟,,1,金刚
2583,陈彦羽,,2,白警官 / 阿曼达
2584,陈孟君,,1,老K
2585,杨熠萌,,1,奶奶/店员
2587,张可盈,,3,乔暖暖 / 青鸾 / 李洁珊（Jessica）
2597,王良,,1,陈湘
2598,于添琪,,1,凤鸣
2599,冯冲,,1,韦江
2600,庄政,,1,黄复生
2601,杨春梅,,1,朱大姐
2602,李越,,1,程林
2603,袁露,,1,赖老石头
2604,田宏伟,,1,红米饭
2605,王吉超,,1,副官
2606,陆正龙,,1,宽叔
2607,伊力帕尔·依里哈木,,1,拉齐尼·巴依卡
2608,仁真尔甲,,1,拉齐尼·巴依卡爸爸
2609,张腾,,2,奥利弗 / 马新阳
2610,张嘉瑞,,1,花儿
2611,李宁,,1,李瑞金
2612,孟成军,,1,马少爷
2613,刘洋,,1,马三
2614,张伟,,1,白源泽
2615,刘施施,,1,纳兰花
2616,王展翔,,1,红军连长
2617,马依黒牙,,1,“花儿”讲述人
2620,陈小春,,1,咸鱼强
2621,陈洁仪,,1,阿珍
2622,冯镝霏,,7,娟然 / 洋洋 / 阿曼达 / 孙贵妃 / 许寻 / 江昱 / 大莲
2628,赵书雨,,1,胥紫冬
2629,郭颂兰,,4,金乌 / 菜花儿 / 玥儿 / 鹦
2630,薛昱,,2,帝星 / 阳天
2631,赵越,,2,阳天 / 晶石
2632,张昕玥,,1,青鸾
2633,陈雨秋,,4,青鸾 / 白蛇 / 貂蝉 / 萦芑
2634,秦立夫,,3,周汉生 / 小乞巧 / 柏灌
2635,刘威,演员,3,周汉生 / 小妖 / 董卓
2636,千悦,,2,周一然 / 金乌
2637,祝愿,,1,周一然
2638,张栩康,,1,韩子潇
2639,陈壬权,,15,韩子潇 / 向之歌 / 幻影 / 埃里克 / 玛尼 / Doyle / 海曼 / 凯尔 / Richard / 浩宇 / 皎然 / 张志和 / 怀特·希斯曼 / 钟炎 / 顾承叙
2640,杜光祎,,1,陆光
2641,周熙智,,2,刘子衡 / 储君
2642,李佳璐,,1,许平儿
2643,尉梦飞,,1,老班头
2646,戴国良,,1,荆轲
2647,郝一赫,,1,曹平
2648,巴文豪,,8,李昙 / Stevie / Lucas / O126 / Stevie / 程小时 / 张大根 / Veghia
2649,赵亦飞,,1,董斯云
2650,孙彩纶,,1,她
2655,Kendall Griffith,,1,Alice主管
2656,蔡鼎延,,2,马库斯警官 / 所有嫌疑犯
2657,陈泽杨,,2,所有嫌疑犯 / 马库斯警官
2658,广家伟,,1,马库斯警官
2672,王帅,柳州,2,耿大可 / 江阳
2673,陈莹,柳州,3,佟家玲 / 柳飞燕 / 玲玲
2674,邝丹洁,柳州,2,柳飞燕 / 吴爱可
2678,赵辰睿,,2,小白 / 石头
2679,郭涛,,1,赵然
2680,鑫河,,1,郝大志
2681,王雅宁,,1,潘大婶
2682,李宗芳,,1,王英武
2683,王淖木汗,,1,隗和宽
2684,赵思遥,,1,于振边
2685,马靖,,1,马芳
2686,许珊,,1,冯紫霞
2687,周雪阳,,1,潘小虎
2688,张梓函,,1,潘小花
2689,董立学,,1,范德福
2690,祁勇,,1,川岛龟
2691,焦健,,1,潘正民
2692,姜子平,,1,耿福生
2697,张赛怡,,4,沐馨 / 路遥 / 鲍西亚 / 胡玉兰/奶奶
2698,牟潇钰,,6,妈妈 / 月娃 / 妈妈 / 神婆 / 杜妈妈 / 杨秀清
2699,王乐天,,1,董斯云
2700,李龙,,2,路中祥 / 王乐奎
2701,周义晨,,2,夏明 / 耿大可
2702,于慧萌,,1,小莫
2703,姚沐岑,,1,小和
2704,丁子荻,,2,新娘/女学生 / 冼妮娜
2705,张天玮,,7,老师 / 新郎 / 蓝梦摄影店老板 / 马良友 / 四川 / 黎式风 / 李三喜
2706,曹义昊,,1,小提琴乐手
2707,张潇,中戏演员,1,高克定
2708,王梓,中戏演员,1,高觉民
2709,陈俐安,,1,婉儿
2720,努尔古丽·尼合木江,,1,迪娜古丽
2721,山都阿西·哈德孜,,1,努尔古丽
2722,季超,,1,旅行者
2723,田玮博,,1,李松华
2724,吾恩哈尔·哈米提,,1,赛力克
2725,哈斯特尔·库巴西,,1,别克
2726,阿塞木古丽·哈散,,2,新娘 / 独唱
2727,邓送珍,,1,独唱
2728,黄赫鹏,,2,张超 / 贺将军
2729,黄磊,,5,霍普 / 阿风 / 漫画家 / 梁家强 / 老七
2746,应雨宸,,4,王雪英 / 苏梦蝶 / 李千千 / 李季兰
2747,李春胤,,1,多功能
2748,王天乐,,1,多功能
2749,叶炜航,,1,多功能
2760,卢梦凡,,1,艾芙琳
2761,孙璞欣,,2,艾芙琳 / 彼阿特利切
2766,艾霖,,1,茱莉娅
2767,马凯漪,,6,霍莉 / 玉英 / 黑狐 / 杨漫/法医/杜梅 / 听春 / 沈亮
2768,李想,女演员,2,霍莉 / 李大梅
2769,吕思含,,1,乔治
2770,董韦凯,,1,萨米
2771,刘治威,,3,萨米 / 陈良好 / 警察
2772,文颖倩,,2,琳达 / 杜胜男
2773,刘思纤,,1,琳达
2774,乌尼思,,4,罗茜 / 玛利亚 / 妈妈 / 神婆
2775,赵梓岑,,3,玛利亚 / 吴美丽 / Lillian
2777,查宗伯,,2,奇才 / 神秘人
2778,陈画风,,1,Tiger
2779,杨敬林,,1,阿泰
2780,关雅亮,,1,阿泰
2781,于畅,,2,阿泰 / 强尼
2782,肖杨,,1,陈老五
2783,张飞扬,,3,主持人 / 哈利 / 弗雷
2784,袁泽智,,5,Stevie / 阿辉 / 李江鸥 / 李泰辅 / 刘大成
2789,王心怡,,1,花花
2809,仇毓翔,,3,阿风 / 普罗辛诺斯/无名的人/阿里阿德涅/警察 / 李保
2810,秦宇星,,6,林沐 / 花花 / 梅瑞狄斯 / 玛莎 / 爱德华 / 靖元
2811,彭雨纯,,1,林沐
2812,苏运莹,,1,金乌
2813,雷美玲,,1,余琴
2814,孔奕懿,,3,余琴 / 林嘉彩分身/付嘉涵 / 小半仙/Alin
2815,杨佳鹏,,1,万能急救箱
2816,陈芸倩,,1,数字生命体/林嘉彩
2817,朱艺晴,,1,数字生命体/林嘉彩
2818,赖舒云,,1,小半仙/Alin
2819,黄屿琦,,1,冰淇淋储存机
2827,俞炜锋,,1,督军
2828,孔祥瑞,,1,贾父
2829,韩志贤,,5,贾父 / 郑千山 / 瓦西里 / 葛明礼 / 白守仁
2830,索南,,3,刘工 / 魏利图 / 孙过路
2835,韦岸,,6,特瑞斯 / 日值差使 / 元积 / 陈念安 / 苏轼 / 怀恩
2837,田雨,,1,苏文静
2858,林世凤,,1,青蛇/小妖
2859,王一帆,演员,1,乌稍蛇
2860,沈珂,,2,眼镜儿 / 桀王
2861,冯子玥,,2,小妖 / 萦芑
2862,田思陈,,1,小妖
2863,南玛阿依,,1,小妖
2864,蒋欣怡,演员,1,小妖
2865,敬颜滋,,1,小妖
2866,雷净,,1,小妖
2867,王胜强,,3,小妖 / 罗贯中/王允/李儒 / 鹉
2868,赖剑超,,1,小妖
2869,郑君炽,,3,阿娟 / 阿细 / 亨利&怪物
2870,陈诺,,2,狄俄尼索斯 / 林珊珊
2871,田祥晔,,8,阿波罗 / 普罗辛诺斯/无名的人/阿里阿德涅/警察 / Johnny / 李江鸥 / 原康孝 / 爱德华 / 巴恩斯 / 爱德蒙
2872,王瑞,,14,安普罗斯 / 爱德华 / 海曼 / 阿波罗 / 埃里克 / 斯乜尔加科夫 / 韦恩 / 路西法 / 雕像 / 白小年 / BYSTANDER / Nathan / 高启盛 / 堀木正雄
2873,陈晨,演员,1,安普罗斯
2874,林甫,,1,普罗辛诺斯/无名的人/阿里阿德涅/警察
2875,陈津伟,,2,普罗辛诺斯/无名的人/阿里阿德涅/警察 / 王升
2876,褚威,,11,普罗辛诺斯/无名的人/阿里阿德涅/警察 / 韦恩 / 安普罗斯 / 崔民国 / 博士 / Poe / 乔纳森 / 埃里克 / Richard / Chi Chi / Doyle
2888,希林娜依·高,,1,李小香
2889,李莎旻子,,1,李小香
2890,孟慧圆,,1,李小香
2891,邓见超,,1,路放
2892,上官喜爱,,1,米娜
2893,叶子淳,,1,高达
2894,张呈,,1,高达
2895,李培智,,1,Frank/Eric
2896,白子涵,,8,伟桥/吉米 / 雷锋 / 邵常来 / 来喜福 / 常志胜 / 陈小达 / 玉辰子/晒盐郎 / 陈少湖
2897,李君傲,,2,翔哥 / 铁牛
2898,邵斌,,3,丈夫 / 黑子 / 韦恩
2899,卜然,,2,妻子 / 黛尔德拉
2900,陈书羽,,1,妻子
2901,胡星瑞,,5,妻子 / 夏禾 / 黛安娜 / 陈念安 / 里德
2902,殷雨晴,,1,情人（丈夫的）
2903,薛家凡,,1,情人（丈夫的）
2904,廖楷芸,,1,情人（丈夫的）
2905,亓振源,,10,情人（妻子的） / MAX / 丁海峰 / David / 乔纳森 / 尤安 / 越冬 / Nathan / 苏轼 / 葵哥
2906,张皓星,张鑫,7,情人（妻子的） / 梵高 / 海曼 / 小松 / 铁皮 / Pride / 李泰辅
2907,张潇寒,,1,王磬
2908,陈希乔,,1,张驰
2909,琚睿琪,,1,王可佳
2915,萧敬腾,,1,十二少
2916,罗彦妮,,1,梅枝
2917,麦紫筠,,1,Flora
2918,廖爱玲,,1,冬梅（外婆）
2919,袁安婷,,1,莲香（母亲）
2920,李俊杰,澳门,1,彭飞鸿
2921,邝为立,,1,彭雄
2922,彭展铿,,1,George
2923,吴欣怡,,1,狄俄尼索斯
2924,黄小芸,,1,安普罗斯
2925,王勉,,1,白鸽
2926,刘君豪,,6,霍普 / 小白 / 孔繁星 / Doyle / 钟炎 / 武耀
2932,谢安然,,1,辛辰
2933,庞雪倩,,2,李月圆 / 李玉屏
2934,王允宸,王晓佳,5,李月圆 / 贝拉 / 辛辰 / 安琪儿 / 西施
2935,王雨,,1,三娘
2936,徐祥,,1,小鞋匠
2938,川岛文太（BUNTA）,,1,刘旻
2941,赞多,,1,程小时
2942,赵佳琳,,2,乔苓 / 多功能人
2943,吴汶骏,,1,刘旻
2949,孙悦,,1,娜拉
2950,黄思惟,,12,乔治 / 疯子 / 毛腿 / 尤安 / 莫德雷/奥德修斯 / 威廉 / 海曼 / 薛临 / 爱德华 / 尤安 / 雕像 / 戴蒙
2951,刘俊泽,,2,乔治 / 颜新维
2952,王凌毅,,5,小黑 / 付平安 / 多功能人（贾斯帕） / 薛临 / 刘白
2953,廖哲珣,,4,雷无桀 / MAX / 迪比亚路 / Pride
2961,黄圣依,,1,皓如
2962,余韵泉,,1,阿十
2963,张小虎,,1,小虎
2964,蒋进,,1,陈老五
2965,王佳宽,,4,李轩 / 怀亚特 / 天天 / 游亦
2966,陶文文,,2,琳 / 乐满分
2967,余卓璠,,1,阿风
2968,夏梦,,1,林沐
2969,黄晓迪,,1,阿风
2970,王淑雅,,1,林沐
2971,沐妍,,1,秋涵
2995,王腊,,1,心慧/素素
2996,翁婧婷,,2,天人 / 外婆 陈翠芬/专家
2997,许庆泽,,3,小宇 / 小胖 / 沈墨舟
2998,陈思霖,,2,霍普 / 卡路
2999,凌锡洋,,1,怀恩
3000,吕凯,,1,怀恩
3001,傅郅宸,,1,守塔人
3002,冷汶罡,,1,Tiger
3003,李响,四川演员,1,主持人
3010,Hamza Al-sal,,1,亚历山大
3011,刘畅,女演员,2,林沐 / 王璐璐
3012,钟艺,,1,杜熙
3013,何弘宇,,1,董栋东
3014,高宇轩,,3,董栋东 / 阿杰 / 钟大年
3015,宋显立,,2,陈默 / 李德兴
3016,李京旭,,2,陈默 / 布星
3028,田鸽,,1,杜十娘
3042,朱栢谦,,1,咸鱼强
3045,冯志佑,,1,阿猫
3046,刘兆康,,1,阿狗
3047,唐晓枫,,1,阿猫
3048,王晨旭,,6,王启盛 / 佰虎 / Envy / Doyle / 元稹 / 西普
3049,王思佳,,3,小赵 / 多功能人 / 知夏
3050,冯钰涵,,4,Jessica / 银河书店老板 / 白狐 / 穆欣
3051,赵紫瑄,,1,赵百艺
3052,任俐璇,,1,Alice
3053,李金阳,,4,李王梓 / 金喜 / 尕娃 / 来喜福
3054,皮云赫,皮溢晗,6,伊万 / 潜水店老板 / 西里维厄 / 大个 / 蒋向阳 / 玉辰子/晒盐郎
3055,罗少巍,,1,罗菲特
3056,李佳怡,,1,菲菲
3064,徐子未,,2,欧石楠 / 幻影
3065,田鸿杰,,1,欧石楠
3066,朱衍丞,,2,向之歌 / 路易斯
3067,唐嘉齐,,1,向之歌
3068,姚柏南,,1,Jerry One
3069,吴灏,,1,Jerry One
3070,李施羽,,1,梦露
3071,张梁,,6,Sonny Boy / 博士 / 辛吉 / Richard / 穆天明 / 子敬
3072,申昊川,,7,萧瑟 / 宇柏 / 张灵玉 / Poe / Doyle / 苏和 / 李隆基
3073,梁庆海,,6,雷无桀 / MAX / 铁皮 / Lust / Pride / Doyle
3074,潘华杰,,2,多功能 / 高正
3075,苏锡凡,,7,紧那罗 / 酒吧老板Chris / 赶路人 / 程大鹏 / 塞上萧 / 玉旨一郎 / 公诉人
3076,何东俊,,1,大善人
3077,杨子言,,3,大善人 / 徐光博 / 程晓峰
3078,葛诺亚,,1,贵妇人
3079,唐琪,,1,贵妇人
3080,金雅梦,,1,陈麦/沈曼
3081,张郁梓,,1,李木子
3082,辛雨锡,,1,李木子（假）
3083,高美旋,,1,李木子（假）
3084,卫明,,1,郑成
3085,李晨源,,6,郑成 / 金笙 / 王卫国 / 萧子木 / 羊公子 / Jervis
3086,盛渤竺,,1,郑成
3087,赵国砚,,3,潜水店老板 / 马梦得 / 小查
3088,刘欣,,2,Jerry One / 陈启耀
3089,赵徵羽,,1,贵妇人
3091,陈蕊Grace,,1,李月圆
3092,薛融,,1,玛利亚
3102,傅希如,,3,穆玄青 / 田大军 / 玄青
3103,滑国华,,1,穆玄青
3104,张宏伟,,2,白喜祥 / 白喜祥
3105,耿梦柯,,1,林樱草
3106,胡紫熙,,2,林樱草 / 听春
3107,周洁旭,,3,殷绣帘 / 玉君 / 绣帘
3108,李懿琪,,1,殷绣帘
3109,邹博伟,,2,焦得利 / 铁牛
3110,江智航,,1,陈少湖
3111,雷伟峰,,2,陈少湖 / 李建国
3112,董研峰,,2,阿江 / 陈父
3113,杨烁,,2,阿风 / 沈崇辉
3114,刘思辰,,1,杜胜男
3117,陈卓,演员,4,李宇博/徐坤 / 黄九良 / MAX / 高正
3118,杭筱玥,,2,耿胜男 / 梅瑞狄斯
3119,沈哲祺,,5,陆海鸣 / 有缘人/茗烟 / 向阳 / 武耀 / 西普
3120,李佳妮,,1,杜胜男
3121,陈思思,,1,陈雨虹
3127,张桥亮,,1,大师姐
3128,朱礼顺,,5,Tom / 俊一 / 休·戴克 / 江昱 / 安东尼奥
3129,赵海宇,,2,Michael / 里奥
3130,米立（廖律平）,,1,阿狗
3131,王馨彤,,1,大娘
3132,杨浩然,,7,陆光 / 叶白 / 怀特·希斯曼 / 李江鸥 / 辛吉 / 李泰辅 / 乔纳森
3133,王晰,男演员,1,幻影
3134,宋瑀哲,宋宇宁,1,幻影
3135,伯远,,1,幻影
3136,常思思,,1,佟家玲
3137,刘馨悦,,1,娜拉
3143,祁详沅,,2,王小羊 / 弗罗林多
3144,于惟一,,1,雷锋
3145,平静,,1,王佩玲/张母
3146,崔开,,1,张大亮/陈师傅
3147,陈嘉璐,,1,晓雅
3148,滕奎兴,,1,张书记/校长
3149,赵亮,,1,辅导员/牛师傅
3150,高玉中,,2,指导员/张生 / 孙副官
3151,史金昊,,1,叶白
3152,谢华杰,,2,叶白 / 陈小达
3153,张恒睿,,1,叶白
3154,杜知衡,,1,小白
3155,李佳骏,,1,张衡
3156,刘昱含,,4,露露 / Greed / Agatha / 黛安娜
3157,孙说,,1,沈亮
3158,蓝浩,,10,里奥 / 飞龙 / Teddy / Daniel / 雕像 / Nathan / 奥尔菲斯 / 辛克莱 / 幸存者 / 格雷·亨特
3159,吴盛祥,,14,韦恩 / 爱德蒙 / Teddy / Lucas / Doyle / 陆谦 / 雕像 / 一枝花 / 奥尔菲斯 / 比尔&迪肯 / 泽罗 / 付平安 / 李功一 / A
3160,韦宗园,,1,刘锦荣
3161,江真仪,,1,韩爱珍
3162,庞华谦,,2,王天平 / 尹大志
3163,维娜·伊力亚,,1,向晓玲
3164,李思影,,1,向晓玲
3165,孙邵,,1,黑皮
3166,韩冰儿,,7,韩爱珍 / LIZZIE / 罗纳德 / 李玉屏 / 齐志平 / PB / 李月圆
3167,周翊萱,,1,向晓玲
3168,王天一,,3,张驰 / 陈晓江 / 老天师
3169,倪俊,,1,李小帅
3170,陆涵艺,,2,刘米奇 / 上官夭夭
3171,朱然然,,1,靖元
3172,王珂,,2,洛川 / Nathan
3173,郭浩然,,1,赤珣
3174,叶锐,,6,赤珣 / 埃里克 / 戈布 / 卡路 / 陆光 / 高景行
3175,王星雨,,3,威廉&斯特里夫 / 李保 / 梅森&约翰
3176,李昕隆,,1,白居易
3177,琚茂林,,8,元稹 / 霍普 / 穆阳 / 尤安 / 海曼 / 雕像 / BYSTANDER / 苏轼
3178,李文君,,1,LIZZIE
3179,邱俊阳,,13,威廉 / 猛刀 / 何松 / 陆光 / 怀恩 / 叶思源 / 纳尔齐斯 / 雕像 / 阿纳托利 / 麦克/托马斯 / 杨晓宇 / 李隆基 / 英祖
3180,曹蘅,,1,阿曼达
3181,叶竞,,2,幻影 / 猛刀
3182,谢一梅,,1,任采莲
3183,谭薇,,3,任采莲 / 蔡蔡 / 徐秀美
3184,蔡鹏飞,,2,财哥 / 辜鸿铭
3185,程晨,,11,LIZZIE / 小静 / 露露 / 小顺凡 / 李有锡/韩叙潾 / 贝安娜 / PB / 林林 / 艾米&玛丽 / 黎槿 / 海伦&阿黛尔
3186,李彤,,2,EMMA / 海伦
3187,夏云梦,,3,EMMA / 罗纳德 / 黛尔德拉
3188,俞佳一,,2,ALICE / 有缘人/袭人
3189,石恩知,,4,ALICE / 黛尔德拉 / Abby / Agatha
3190,刘恒瑜,,6,林淼淼 / 梅瑞狄斯 / 朴智錫/尹书恩 / Julie / 李有锡/韩叙潾 / 莫雷亚
3191,钟楚依,,4,钱雨霏/甜甜 / 檀棋 / 贝拉 / 赛琳娜
3192,霍乃城,,1,李白（舞）
3194,庄云龙,,1,严向晖
3195,霍治帆,,1,李振荣
3196,叶托利,,1,吴笛
3197,张由吉,,1,蔡奉先
3198,孔艺萌,,1,林如梦
3199,胡格畅,,4,叶思源 / 多功能 / 李江鸥 / 沈飞扬
3200,柳智彦,,2,戴望星 / 歌队
3201,黄圣淇,,10,多功能 / 龙连营 / 风树 / 江清源 / 鸿上达章 / 莫德雷/奥德修斯 / 于格 / 方崇心 / 水伯 / 肖傻子
3202,黄骁文,,2,多功能 / 歌队
3203,张一冉,,1,李雪娟
3204,孙曼萍,,1,杨云莉
3205,崔天啸,,1,胡罗生
3206,宫思怡,,1,王小梅
3207,翟李朔天,,6,Johnny / 路西法 / 关静年 / 莫顿 / 堀木正雄 / 杰克
3208,邓茹月,,5,Shirley / 内海薰 / 谢宛宁 / 林薇 / 辛辰
3209,唐子晗,,5,路西法 / Johnny / 沈砚/周慕云 / Richard / 浩宇
3210,王雅馨,,2,拉斐尔 / 林薇
3211,张依然,,1,拉斐尔
3212,周艺聪,,2,拉斐尔 / 梅瑞狄斯
3213,谢素豪,,2,陈季常 / 蒋向阳
3214,郭琛,,1,王闰之
3215,张莹兰,,1,农妇
3216,张雨桐,大雨桐,1,简
3217,裴昊轶,,1,强尼
3218,李京洙,,2,波特 / 哈利
3219,乌丽雅苏,,6,疯子 / Fanny / 沈亮 / 图鲁克 / A / 墙内人
3220,信肖乐,,1,国强
3221,董斌,,2,阿龙 / 冼星海
3222,李步凡,,1,英妹
3223,张敬旅,,1,豪仔
3224,周雪芹,,1,猪头荣
3225,方凌,,3,孙过程 / 苏发/戍边将 / 圣约翰&派洛特
3226,陈弈鸣,,2,谢望和 / 肖光义
3227,艾力亚斯·吾斯曼,,1,酒吧服务员（男）
3228,尔江,依孜哈尔江·衣明江,2,酒吧服务员（男） / 刀塔
3229,李思奇,,1,酒吧服务员（女）
3230,邵玉姣,,1,焦玲
3231,蔡松廷,,2,俊一 / 博士
3232,栾靖宇,,8,俊一 / 李江鸥 / 李泰辅 / 石头 / 游亦 / 程小时 / 欧文 / 月值差使
3233,成昊宇,,1,铁皮
3234,郭之阳,,9,铁皮 / 梵高 / 李泰辅 / 维塔 / 爱德华 / 越冬 / 张衡 / 格雷·亨特 / 武耀
3235,臧鲁滨,,3,铁皮 / 阿尔托 / 荷鲁斯
3236,张梁栋,,2,铁皮 / 博士
3237,章庭链,,2,铁皮 / 尤安
3238,陈蕴,,8,MAX / Lust / 阿努比斯 / 高天浩 / Poe / Stevie / 安东尼奥 / 刘白
3239,蒲铖,,9,MAX / 天天 / 休·戴克 / 李江鸥 / 王也 / 尤安 / 越冬 / 小王/丈夫 / 顾承野
3240,肖笛,,3,MAX / Lust / 戴蒙
3241,金谦逊,,1,BUTTON
3242,刘凡滔,,4,BUTTON / 奥尔森 / 霍普 / 西普
3243,张宇熙,,1,BUTTON
3244,庄凯俊,,1,BUTTON
3245,吴迪,演员,1,刘子衡
3246,张雨桐,小雨桐,7,约瑟芬 / EMMA / 许寻 / Jo / 黎辛 / 红 / 费尔法克斯
3247,黄玟宇,,6,安东尼娅 / 伊敦 / Agatha / 乔安娜 / 尤安 / Doyle
3248,劳其森,,5,阿声 / Nathan / 亚伦 / 盖比 / 格雷·亨特
3249,曾德轩,,1,阿鼓
3250,王东超,,1,阿虎
3251,黄子强,,1,阿虎
3252,宋奕彤,,1,阿细
3253,杨浩,,1,声爸
3254,马赫,,2,端少爷 / 陈辉
3255,张贝伊,,4,妈妈 / 忆之花 / 杜妈妈 / 川岛音
3256,谭茜,,2,龙香香 / 薛临
3257,许佳露,,3,龙香香 / 阿旭 / 苍
3258,佘佳霖,,1,赵大宝
3259,于瀚钧,,1,孔德意
3260,佘鹏飞,,2,侍卫乙 / 李丁一
3261,王铭豪,,1,Multi Man
3262,何皆璇,,1,白鸽
3263,胡楚浩,,4,伊万 / 飞然 / 马库斯警官 / 程帆
3264,拜荣基,,4,斯乜尔加科夫 / 阿尔托 / 怀特·希斯曼 / 游亦
3265,勾宇欣,,2,狄安娜 / 顾梦
3266,周崇祥,,4,哈利 / 韦恩 / 江清源 / 越冬
3267,叶筱玮,,5,S / 高景行 / 拉乔·皮勒 / 蝎子 / 神秘男子
3268,张睿文,,1,严良
3269,赵倩雯,,1,李静
3270,阮瑛伦,,1,张超
3271,周杰,,1,朱伟
3272,赵奇,,1,陈明章
3273,杨政清,,1,赵铁民
3274,仇科航,,1,岳军
3275,石特,,1,孙红运
3276,潘稳,,1,高栋
3277,卓德银,,1,多功能2
3278,李琳,,1,多功能3
3279,孙乾龙,,1,多功能1
3280,俞更寅,,1,幻影
3281,符雅凝,,1,吕晓航
3282,李鑫一,,1,纪天齐
3283,赵晓歌,,1,李默
3284,明道,,1,屠岸贾
3285,陈政宇,,7,特瑞斯 / Chi Chi / 爱德华 / 海曼 / 乔纳森 / 子敬 / 欧文
3286,黄强,,1,陈老五
3287,赵徴羽,,1,苏梦蝶
3288,周子程,,1,陆子野
3289,张耀之,,3,关静年 / 秦德林 / 金生火
3290,黄新宇,,1,陈小达
3291,邱卓超,,1,陈小达
3292,李季,,3,歌队 / 黛安娜 / 夜凌霄
3293,冯丽冰,,2,歌队 / 图鲁克
3294,胡志勋,,2,石头 / 张万保
3295,应忆俊,,7,吴名士 / 黄九良 / 尼古拉 / 真金 / 赵老师 / 冯援朝 / 卢嘉川
3296,安吉儿,张苒,4,江鱼儿 / 小静 / 乔苓 / 苍
3297,方敬萱,,1,范泰
3298,龚泽镪,,1,范泰
3299,陈泷,,1,高达
3300,焉栩嘉,,2,马新阳 / 羊公子
3301,孙康,,1,马良友
3302,张泽浩,,3,马良友 / 六哥 / 铁牛
3303,邹宇昂,,4,马良友 / 尕娃 / 吴令钊 / 陆成音
3304,邵峰,,1,韩琛
3305,芮雪,,1,虎王子
3306,咔咔,,1,虎王子
3307,王相周,,1,柳香香
3308,申方园,,1,周天和
3309,薛雷,,1,马公公
3310,卢鑫,,1,吕壮志
3311,沈川绮,,1,吕传奇
3312,赵宇婕,,1,黑狐
3313,蔡佳怡,,1,穆欣
3314,刘珈茵,,3,穆欣 / 大有真 / 林贞/陈潇妈
3315,廖李郁,,1,幼仪
3316,孙震林,,2,大帝/道长 / 阿波罗
3317,方兴瑞芸,,2,豆蔻 / 小静
3318,唐瑞,,1,简
3319,黄润鑫,,1,波特
3320,吴志峰,,1,何长歌
3321,在帝,,1,王玉明
3322,胡星浩,,1,金玲
3323,刘畅,男演员,2,丹尼 / 玉旨雄一
3324,李卓禧,,1,拉斐尔
3325,Trenton Schneiders,,1,亚历山大
3326,杨镇羿,,1,Jerry
3327,刘梦扬,,1,赵警官
3328,乐家铭,,1,李丁一
3329,王君睿,,1,李丁一
3330,徐修齐,,1,杨鼎天
3331,嘉言,,1,杨鼎天
3332,李浩延,,1,杨鼎天
3333,李劲楠,,2,信佳佳 / 金小美
3334,杨胜,,1,周大福
3335,杨康康,,1,周大福
3336,葛一江,,1,周大福
3337,张琳以,,1,杜海燕
3338,李烨彤,,2,杜海燕 / 金小美
3339,陶诗佳,,2,杜海燕 / 信佳佳
3340,丁诗馨,,1,金小美
3341,周启光,,1,警察
3342,翟圣清,,1,警察
3343,陈莫,,1,李丁一
3344,赖荻,,1,信佳佳
3345,VaVa毛衍七,,1,华玄机
3346,布瑞吉Bridge,,1,华玄机
3347,史宗伦Xyber,,1,华玄机
3348,丁梓奕,,2,塞修 / 奥尔森
3349,逯曦,,1,花花
3350,刘子涵,,1,花花
3351,谢锦,,1,漫画家
3352,王珊珊,,1,姚站长
3353,唐羽,,1,启明
3354,王婉佳,,1,徐美凤
3355,黄子俊,,4,冯辛 / 韦恩 / 爱德蒙 / Poe
3356,杨佑晟,,1,刘文强
3357,朱闻矞,,1,黄学增
3358,夏丽娟,,1,苏莲
3359,朱灿,,1,地主
3360,许耀杰,,1,陈植霖
3361,林健,,1,管家
3362,何栋成,,1,郑奭南
3363,高扬,,1,卓生发
3364,郭洋坤,,3,游亦 / 刘枫 / 穆阳
3365,李楷文,,1,小松
3366,何严浩,,5,小伟 / Oscar / Chi Chi / 日值差使 / Jonas
3367,赵轩民,,3,小伟 / 孙副官 / Sonny Boy
3368,蒋若晞,,1,克拉里切
3369,曲冠琳,,1,克拉里切
3370,吴冠锋,,6,黄天 / 徐知州 / 任重远 / 梁登云 / 苏轼 / 羊有裕
3371,张洪伟,演员,1,黄天
3372,姜雨彤,,1,陈传武
3373,木炎,,1,吴美丽
3374,蔡涵宇,,2,杨刀郎 / 越冬
3375,孙越,,1,刀塔
3376,郝龙,,1,蒯元开
3377,吴富豪,,1,蒯元开
3378,许婉婉,,1,刘初一
3379,张稚梅,,1,刘初一
3380,张鑫然,,1,马鸣鹤
3381,杨茗滟,,2,帕拉萨特·巴赫提 / 伯莎
3382,杨依泠,,7,辛西娅 / 李玉屏 / Jo / 卡司 / 玛丽（马克） / 白松 / 周会珍
3383,李宇凡,,2,罗纳德 / 莫雷亚
3384,孙义清,,9,汪达富 / 荷鲁斯 / 巴恩斯 / 主宰/灵媒 / 多功能人 / 奇幻 / 科明斯基 / 杰克 / 钟炎
3385,廖若彤,,5,花花 / 梅瑞狄斯 / 大有真 / 林若若 / 陈妍
3386,唐晨怡,,6,梅瑞狄斯 / 简 / 小有真 / 董钰知 / 洛川 / 桃桃
3387,唐瑾,,3,梅瑞狄斯 / 林贞/陈潇妈 / 赤珣
3388,王钧霖,,1,黑子
3389,丘志诚,,1,Giovanni
3390,郭晨晨,,2,张静宜 / 狄俄尼索斯
3391,戴玉龙,,3,Tony / 黄九良 / 安立伟
3392,卓忠贤,,1,Kelvin
3393,李伯尧,,6,Kelvin / 路西法 / 安普罗斯 / 普罗辛诺斯/无名的人/阿里阿德涅/警察 / Envy / Doyle
3394,徐晨曦,,5,梅瑞狄斯 / 狄俄尼索斯 / Agatha / 黎辛 / 辛克莱
3395,吴泰亿,,2,胡适 / 志摩
3396,苏芮琪,,1,小曼
3397,韩毅,,2,王庚 / 胡适
3398,吕浩,,1,王庚
3399,梁高淼,,1,王庚
3400,南浔,,1,徽因
3401,俞嘉悦,,2,Shirley / 施美莉
3402,洪世昱,,1,李江鸥
3403,王厚义,,1,金笙
3404,许嘉林,,1,金笙
3405,林子兴,,6,毓滔 / 刘伢子 / 威廉 / Richard / 乔纳森 / Jervis
3406,胡优,,1,毓滔
3407,聂冰雁,,2,玉君 / Jerusha
3408,徐梓桓,,2,毛腿 / 辫子军/鬼卒
3409,王子葳,,1,六哥
3410,杨晓宇,,1,来喜福
3411,马黑凯杰,,3,警长 / 凯尔 / 沈亮
3412,王文轩,,1,金福
3413,王一安,,2,辫子军/鬼卒 / 金喜
3414,王煜菡,,2,辫子军/鬼卒 / 金福
3415,何子康,,2,辫子军/鬼卒 / 金喜
3416,王者风,,3,辫子军/鬼卒 / 警长 / 状元郎
3417,雷云枫,,1,辫子军/鬼卒
3418,胡俊铭,,1,皮埃尔
3419,马嘉祺,,1,皮埃尔
3420,王千予,,1,安娜
3421,马迎春,,1,罗斯托夫
3422,牛飘,,1,博尔康斯基公爵
3423,张学文,,1,拿破仑
3424,刘筱雯,,1,玛利亚
3425,周嫚田,,1,幽灵
3426,阮芳昕,,1,大双
3427,阮芳婕,,1,小双
3428,林赵安瑾,,1,安琪
3429,吴嘉妮,,1,阿妮
3430,李秉育,,1,阿政
3431,陈颖欣,,1,妹妹
3432,Melo墨龙,,1,Tiger
3433,张雅卓,,1,杜十娘
3434,徐骏飞,,1,孙富
3435,张一铭,,3,柳遇春 / 塞修 / 沈亮
3436,王方一朵,,1,月朗
3437,王晶莹,,3,青萍 / 施美莉 / 董钰知
3438,张思宇,,2,陈香 / 有缘人/丫鬟
3439,洛朗·班,,1,葛老
3440,段淑曦,,3,拉斐尔 / 有缘人/袭人 / 狄俄尼索斯
3441,吴娟,,1,唐少君
3442,舒琪,,1,唐少君
3443,魏瑜遥,,1,明月公主
3444,朱维芳,,1,明月公主
3445,楼若菡,,1,明月公主
3446,李威,,1,唐少英/石磊
3447,盛遨,,1,唐少英/石磊
3448,李楼,,1,皇帝/唐老爷
3449,姚嘉艺,,2,阿君 / 小有真
3450,海力力,,1,弗罗林多
3451,刘珂馨,,1,彼阿特利切
3452,廖乐夫,,3,西里维厄 / 沈和平 / 李建国
3453,徐宏儒,,1,西里维厄
3454,强雯,,4,大师姐 / 梅瑞狄斯 / Agatha / 孟潼/小月
3455,张长城,,1,闻无忌
3456,王多多,,1,金小美
3457,黎玥杉,,7,陆安宁 / 吴俊赫/朴宝拉 / 欧莉 / 向阳 / PB / 桃桃 / 江昱
3458,孙千竣,,2,霍强/赵正明/张司城 / 塔米尔
3459,廖如星辰,,1,杨漫/法医/杜梅
3460,蒋敦豪,,1,常卫国
3461,张翰,,1,李二狗
3462,王泽霖,,5,大个 / 蒋向阳 / 许寻 / 王小川 / Jervis
3463,于金石,,3,快板 / 胡梦安 / 战三河
3464,杨雨逍,,1,快板
3465,李纪柯,,4,四川 / 顾四海 / 玉衡子/帅茶商 / 守塔人
3466,肖金声,,1,爷爷
3467,韩涵,,2,爷爷 / 玄宗
3468,赵小乙,,1,黄礼林
3470,陈玥融,,1,戈布
3471,徐嘉乔,,3,魏绛 / 刘广荣 / 张百龄
3472,苏姿语,,2,花花 / 玛莎
3473,岳田,,1,江小姐
3474,尤宪超,,1,周天和
3475,吴嘉怡,,6,戈布 / Greed / ALICE / Agatha / 赛琳娜 / 玛丽·简
3476,林凡靖,,1,伊敦
3477,言佳航,,1,玛尼
3478,王禹皓,,1,快板
3479,林林,,1,关肃霜
3480,徐子惠,,1,楚楚
3481,岳云川,,2,智叟 / 陈启耀
3482,孟祥权,,1,操蛇之神
3483,张哲,,1,黑狐
3484,文亮棋,,3,辛吉 / 怀特·希斯曼 / 陆光
3485,刘万林,,1,忽必烈
3486,郑曹坤,,1,达鲁花赤
3487,王东博,,1,太傅/老者
3488,谢鑫,,1,饼伯
3489,杨优优,,2,李佳音 / 林若然
3490,于世源,,5,泽罗 / David / 叶白 / 元稹 / 迟老师
3491,沈俊池,,3,有缘人/晴雯 / 林薇 / 米店老板娘
3492,张新成,,1,苏轼
3493,戎若荻,,1,拉斐尔
3494,刘宇江,,1,冯辛
3495,朱冠霖,,2,原康孝 / 罗杰斯&特恩里
3496,叶新,,1,冯宝宝
3497,夏一轩,,4,辫子军/鬼卒 / 警长 / 苏发/戍边将 / 梅森&约翰
3498,陈伟,,3,梵高 / 越冬 / 高景行
3499,李博瞳,,1,方菡
3500,程圣喆,,1,穆晓蕊
3501,魏忠杰,,6,怀恩 / 程勃 / 本杰明·巴顿 / 陈君 / 张保 / 思悼
3502,霍尊,,1,李家辉
3503,王祖蓝,,1,郑千里
3508,刘凯峰,,1,付平安
3509,张子扬,,6,乔治 / 安普罗斯 / 韦恩 / 元稹 / Doyle / 洛川
3510,刘守正,,1,方唐镜
3511,梁仲恒,,1,方唐镜
3512,袁浩杨,,2,阿细 / 演员
3513,丁彤欣,,1,杨秀秀
3514,陈书昕,,1,杨秀秀
3515,张焱,,1,说书人
3516,邢灏,,1,说书人
3517,张洁琼,,1,王淑贤
3518,马列,,1,李复安
3519,侯朱昱,,1,李复安
3520,曹闻放,,2,肖光义 / 孔繁星
3521,陈昭如,,5,江昱 / 朱雀 / 阿莉娅 / 露露 / 黎槿
3522,管沙沙,,1,蚕丛
3523,李思颖,,1,蚕丛
3524,余家良,,1,无名
3525,赵炎泽,,1,古蜀祭司
3526,李银,,1,花木兰
3527,刘沐,,1,花木兰
3528,历刃,,1,贺将军
3529,尹良北,,1,包人九
3530,何宜霖,,1,花父
3531,王菁蕾,,1,花母
3532,谭依婷,,1,芒
3533,冉靳攀,,1,海迪
3534,付巴图,,1,过去人
3535,刘海旋,,1,过去人
3536,柴韵,,1,玛莎
3537,赵思思,,1,芒
3538,何泉,,1,海迪
3539,王海洋,,1,三叔公
3540,李怡萱,,1,露露
3541,徐宇诸,,1,李丁一
3542,姜宇浩,,2,李丁一 / 警察
3543,胡泽宇,,1,杨鼎天
3544,刘星宇,,2,杨鼎天 / 警察
3545,刘汶炎,,1,杨鼎天
3546,张筱彤,,1,信佳佳
3547,杨雨欣,,2,信佳佳 / 杜海燕
3548,梁豫,,1,信佳佳
3549,郝英杰,,2,周大福 / 杨鼎天
3550,潘温劼,,1,杜海燕
3551,魏子杰,,1,周大福
3552,闫雨晨,,1,杜海燕
3553,郑颖,,1,杜海燕
3554,林驿珊,,1,金小美
3555,张杨皓宇,,1,金小美
3556,宋翔宇,,1,金小美
3557,高奥,,2,警察 / 李丁一
3558,黄轶,,5,洪瑛 / 桂芳 / 布兰登夫人 / 周舒珩 / 顾乔
3559,郭美冉,,7,江鱼儿 / 莉莉丝 / 李玉屏 / 贝安娜 / 月娃 / 拉斐尔 / 红
3560,宋苞涵,,3,江鱼儿 / 赛琳娜 / 陈念安
3561,孙晨恺,,2,范泰 / 高天浩
3563,黎濮宁,,6,裴止 / 周行 / 白马 / 白居易 / 陈念安 / 刘白
3564,高泽锴,,5,许仙 / 白居易 / 沈飞扬 / 俊一 / 向阳
3565,商婉冰,,2,秀秀 / 婉婉
3566,陈近东,,4,Pride / 爱德蒙 / Poe / 佳贤
3567,陈佳艺,,6,Lust / 铁皮 / Nathan / 白居易 / 图鲁克 / 钟炎
3568,汤楷,,4,Lust / 普罗辛诺斯/无名的人/阿里阿德涅/警察 / Poe / 李时愿
3569,潘延,,4,Envy / 周行 / BUTTON / Doyle
3570,林钇欣,,9,Greed / LIZZIE / 红莲 / 许忆 / PB / 李月圆 / 石瑶 / 小静 / 小顺凡
3571,王涓爱,,1,任采莲
3572,高崇,,8,风莎燕 / EMMA / 玛利亚 / 阿曼达 / 郑成浩/郑素熙 / 辛西娅 / Shirley / 莫雷亚
3573,冯展博,,1,安普罗斯
3574,肖恺翀,,3,Lucas / 梵高 / Envy
3575,俞烁天,,3,Daniel / 张衡 / 戴蒙
3576,孟爽,,2,辛西娅 / 白松
3577,饶佳辛,,1,多琳
3578,段舒扬,,2,罗纳德 / Greed
3579,毕源格,,2,国王 / 桂芳
3580,林墨,,2,波多野祥吾 / 苏郁
3581,范宇澄,,4,维塔 / 科明斯基 / 刘宝 / 路易斯
3582,王克遥,,3,里奥 / 卡路 / 爱德华
3583,张智成,,3,韦恩 / 海曼 / 爱德华
3584,陈博石,,4,韦恩 / 安普罗斯 / 伟桥/吉米 / 江昱
3585,王化诚,,1,鲁智深
3586,贾晨熙,,1,富安
3587,陈思宇,,6,判官/小鬼 / ALICE / 沈亮 / 玛丽·简 / 纪小姐 / 太平公主
3588,朱希紫,,1,玛莎
3589,于浩,,2,继莲和尚 / 李有源
3590,欧阳丰彦,,2,格雷·亨特 / 演员
3591,苏振维,,1,怀特·希斯曼
3592,林志明,,3,休·戴克 / Richard / 爱德蒙
3593,孙雨阳,,1,博士
3594,潘彦如,,2,白居易 / 小白
3595,张黎,,1,白居易
3596,马啸,,5,元稹 / 弗雷 / 路西法 / 叶白 / 苏辙
3597,陈万鑫,,2,张山山（恶念） / 元稹
3598,叶姿繁,,1,玛莎
3602,刘祖君,,1,杜薇
3603,杨乐怡,,2,杜薇 / 念秋
3604,王喆,,10,威廉 / 总头目 / Nathan / 爱迪生 / 沈砚/周慕云 / 爱德蒙 / Richard / 小亚 / 休·戴克 / Poe
3605,李可心,,1,李依依/第1826号木偶
3606,彭智宇,,6,卡路 / 歌队 / 多功能人（贾斯帕） / 里奥 / 洛川 / 刘白
3607,方瑩,,1,卡路
3608,孙喆,,2,BRIDGET / 崔曼宁
3609,孙路悦,,2,ALICE / 尤安
3610,粟俊杰,,1,赤珣
3611,蒋涛,,1,黎明
3612,陈博豪,,1,李二狗
3613,赖仙宇,,1,里奥
3614,张韧杰,,1,韦恩
3615,史云龙,,1,警察
3616,康子奇,,1,尹乐
3617,熊俊豪,,2,祝刚 / 朱旭龙
3618,李子贤,,1,朱旭龙
3619,龙丽莎,,1,王清
3620,杨冰冰,,2,桃桃 / 沈亮
3621,杨悦,,9,桃桃 / 姚蓓蓓 / 李玉屏 / 孟潼/小月 / 薛临 / 莫雷亚 / 李时愿 / 拉斐尔 / 许夕燃
3622,黄雪煌,,1,越冬
3623,李佳桐,,2,越冬 / 高天浩
3624,谭祖弘,,1,越冬
3625,王千荥,,2,大有真 / 林若若
3626,林丹妮,,1,钢琴
3627,翟锦文,,1,钢琴
3628,陈希,,1,大提琴
3629,罗卓雯,,1,大提琴
3630,曹芙嘉,,1,林道静
3631,胡杨玉,,4,Alex / 雷吉 / 皮特 / Pete
3632,黄启泽,,1,Giovanni
3633,肖昱虹,,1,陈天乐
3634,宋晓静,,1,陈天乐
3635,刘思佳,,1,陈母
3636,黄若鸣,,2,黛尔德拉 / 凯文
3637,沓敏琦,,1,女儿 陶思敏
3638,杜淑玲,,3,妈妈 李淑梅 / 文希南妈妈 / GINA
3639,吴海涛,,1,爸爸 陶伟强
3640,赵翊骁,,1,多洛霍夫
3641,张乃天,,2,库图佐夫 / 王启欧
3642,杨光,男演员,1,王启欧
3643,董兰溪,,1,Kitty
3647,杨雨蒙,,1,凌皎
3648,周泽楠,,1,梁明益
3649,仝濛,,1,周逢远
3650,董睿祥,,1,魏敞
3651,张昱泽,,1,上线
3652,李智豪,,1,孙向东
3653,肖钰,,1,冯太太
3654,金鑫鑫,,1,冯参谋
3655,翟婧仪,,1,郑组长
3656,朱思颖,,1,赵组长
3657,蒋超龙,,1,李副官
3658,刘畅,南京,1,服务生
3659,孔雅婷,,1,多功能人
3660,刘帅,,1,多功能人
3661,郭宇,,1,侯少华
3662,许迪娜,,1,陈淑娟
3663,计文睿,,1,袁亚军
3664,孙雅楠,,1,苏红
3665,岳佳宁,,1,周大福
3666,王仕轩,,2,沈飞扬 / 勃洛克赫斯特&强尼
3667,邱诒轩,,2,沈飞扬 / Pride
3668,赵周权,,4,周行 / 爱德华 / Klabb / 靖元
3669,黄成阳,,1,卢部长
3670,郑一凉,,1,塔米尔
3671,王泽乾,,1,多功能人（贾斯帕）
3672,安浩鸣,,1,沈墨舟
3673,魏天泽,,1,李保
3674,朱紫文,,1,施美莉
3675,金垚冰,,1,董钰知
3676,王艺臻,,2,董钰知 / 崔曼宁
3677,王晨雨,,1,董钰知
3678,熊浴翔,,1,程小时
3679,朱媛媛,,2,乔苓 / Greed
3680,陈雨朦,,1,林贞/陈潇妈
3681,陈奕蓉,,1,林贞/陈潇妈
3682,黄建豪,,1,陈潇/陆鸿斌
3683,赵星尧,,1,陈潇/陆鸿斌
3684,林晨玮,,2,金笙 / 路易斯
3685,姚泽龙,,1,金笙
3686,崔宇皓,,1,毛腿
3687,聂博文,,1,辫子军/鬼卒
3688,崔璨,,1,辫子军/鬼卒
3689,张葰言,,1,辫子军/鬼卒
3690,郑润琦,,2,辫子军/鬼卒 / 沈亮
3691,李岩,,2,巴恩斯 / Lust
3692,金佳垠,,1,李依依/第1826号木偶
3693,温颜冰,,1,暗影-沈清影
3694,冯蕾静,,1,暗影-沈清影
3695,凌俊杰,,1,烬羽
3700,雕雕,,2,徐秀美 / 劳伦
3701,梁弘宇,,1,张万保
3702,马郴,,1,尹大志
3703,韩松,,1,尹大志
3704,徐贤雅,,1,徐秀美
3705,林泽茵,,1,崔曼宁
3706,聂嶢欣,,1,安立伟
3707,宋显凯,,1,安立伟
3708,陈鸿伟,,1,高天浩
3709,张汀,,1,卢部长
3710,梅迪,,1,高天浩
3711,柏瀚,,1,马尔科
3712,陈辰,,1,保罗
3713,王阳,女演员,1,舞女-莫妮卡
3714,许漫,,1,老板娘-安娜
3715,刘政昀,,1,小酒保
3716,尼玛雍珠,,3,钵里公主 / 石瑶 / 茱莉亚&凯瑟琳
3718,陆好雨,,1,日值差使
3720,南枫,,2,Richard / 郑一
3721,梁景皓,,1,Richard
3722,黄梓洋,,2,Nathan / 怀特·希斯曼
3724,闫子钧,,1,多功能人
3725,孙天姿,,1,多功能人
3731,周遊,,1,女人
3732,曹洪远,,1,WITCH HUNTER
3733,覃威尔,,1,WITCH HUNTER
3735,罗诗,,2,GINA / 主演
3739,罗子廉,,1,林俊朗
3740,潘希岚,,1,文希南
3741,王枬,,2,文希南爸爸 / 倪博文
3742,何灏,,1,游立东
3743,张容德,,1,客串酒客
3744,辛未,,4,邱晨 / 何帅 / 小谢 / 户可乙
3745,张一雅琦,,3,段施依 / 韩爽 / 李晶晶
3746,杨钊,,2,胡磊 / 流浪歌手
3747,李然,女演员,3,歌者 / 孙扬扬 / 女评委
3748,张珈尔,,1,朴智錫/尹书恩
3749,刘宝仪,,2,吴俊赫/朴宝拉 / 尤安
3750,李浩瑞,,1,Lust
3751,蒋心瑞,,1,Greed
3754,龙一豪,,7,俊一 / Nathan / 辛克莱 / 爱德华 / 雕像 / 格雷·亨特 / 路易斯
3755,俞霁航,,2,俊一 / 苏辙
3756,邓文篪,,2,BUTTON / 高正
3757,于诗涵,,4,BUTTON / 图鲁克 / Envy / Lust
3758,王泽辉,,5,BUTTON / 小亚 / Lust / Envy / Doyle
3759,高源,,4,MAX / 高正 / 盖比 / 元稹
3760,种丹妮,,1,吴淑芬/于志
3761,彭玥菡,,1,罗珠珠/王晓娟
3762,邢鹤严,,1,王友江/吴国栋
3763,侯毅杰,,1,王卫/李小军
3764,庞皓,,1,孙磊/顾建国
3765,廖莎,,1,沈露/张玲
3766,卢梓萌,,1,李红梅/王雅丽
3767,王烨森,,1,郭福才/李川
3768,李卓雨,女演员,1,郝巧巧/李金花
3769,房静,,1,吴淑芬/于志
3770,崔建宇,,1,孙磊/顾建国
3771,魏欣怡,,1,陈香
3772,俞王诗琪,,2,沈星渔 / 薛临
3773,徐涌嘉,,1,周健豪/周潮生
3774,杨奕欣,,1,沈月
3775,王俊博,,1,阿海
3776,叶丹艳,,1,励阿婆
3777,李鑫,,1,薛磊
3778,王羽翔,,1,阿谣
3799,张纳瑜,,1,兰兰
3800,杨凡,,1,黎式风
3801,马小军,,1,山药蛋
3802,李玎,,1,榆钱花
3803,杜嬿暇,,1,榆钱花
3804,张志宝,,1,响娃
3805,栾续博,,1,穆天明
3806,何小毅,,1,乔时星
3807,孙雨薇,,1,小女孩
3808,田宇航,,3,李丁一 / 李保 / 赤珣
3809,陈翔翔,,1,程妻
3810,周菲戈,,1,郑成浩/郑素熙
3814,王楠,男演员,1,尹大志
3816,林子欣,,1,黄苏英
3817,孙怡婷,,1,冼妮娜
3818,霍嘉珩,,2,馆员 / 演员
3819,何浩斐,,1,喜泰/房东
3820,戴逸辰,,1,玛尼
3821,胡鸿钧,,1,领衔主演
3822,彭杏英,,1,主演
3823,魏雪漫,,1,安高原
3824,张珈铭,,1,顾四海
3825,丁真,,1,多吉
3826,王泽轩,,1,李三喜
3834,侯琦,,1,杜海燕
3835,杜于翊晨,,1,周大福
3837,覃可心,,1,楚千朵
3844,黄玫,,4,欧莉 / 玛丽·简 / 红 / 向阳
3845,盛嘉怡,,2,欧莉 / 娜娜
3853,任晓璇,,3,向阳 / 图鲁克 / 任安然
3854,黄安果,,5,向阳 / Johnny / Teddy / 葵哥 / 韦恩
3855,秦雨晨,,3,桂芳 / 雨生 / 拉斐尔
3856,汪卓成,,1,卢作孚
3857,张璐,,3,梅瑞狄斯 / B / 莫雷亚
3858,张羽霖,,1,梅瑞狄斯
3859,刘栖子,,2,梅瑞狄斯 / Shirley
3860,彭北逸,,1,Richard
3861,魏文隆,,5,Nathan / Envy / 元稹 / 莫雷亚 / 安东尼奥
3862,徐世杰,,1,王璐璐
3863,吴娇,,1,陈天乐
3864,谌宗灿,,1,陈父
3865,朱瑾,,1,陈母
3866,宋鹏,,1,颜海闻
3867,杨承华,,1,林寰
3868,宋乐乐,,1,徐兮虎
3869,刘家名,,1,少年天民
3870,王紫勤,,1,少年天乐
3871,唐伟议,,1,阿桂
3872,肖雪峰,,1,舞者陈父
3873,陈雯倩,,1,舞者陈母
3874,王智,,1,舞者天民
3875,向慧鹃,,1,舞者天乐
3876,邢贤,,1,邮差
3877,马震坤,,1,爱德华
3878,伍语涵,,1,玛莎
3879,张译丹,,2,玛莎 / 洛川
3880,陈雨琪,,1,玛莎
3881,吴扬凡,,1,韦恩
3882,冷寒,,1,沈亮
3883,李星葆,,2,沈亮 / 白马
3884,赵曼竹,,1,孙扬扬
3885,岳士涵,,1,董冲
3888,丁杰,,2,邱晨 / 小范
3889,龚五岳,,2,董冲 / 李维斯
3890,张柠薏,,1,韩爽
3891,王珊,,1,葛婷婷
3892,彭熙熙,,1,葛婷婷
3893,黄炎,,1,孙扬扬
3894,李泊凡,,1,小范
3895,战翼斌,,1,小范
3896,乔宇,,2,小谢 / 王大爷
3897,林泽贤,,1,小谢
3898,拉聪,,1,舞蹈
3899,祁晴,,1,舞蹈
3900,王尼尼,,1,舞蹈
3915,林晓峰,,1,咸鱼强
3916,陈冠铿,,1,阿猫
3917,文斐扬,,1,阿狗
3918,曾昊晴,,1,娟然
3919,徐沛,,1,查尔斯
3920,正思思,,1,艾米&老板娘
3921,陈曦,,1,威廉&斯特里夫
3922,金鑫,,1,布兰琪&爱塔
3925,陈子宁,,1,陈君
3933,张赫煊,,1,王战团
3934,郁可唯,,1,秀玲
3935,张觉一,,2,沈洋 / 沈亮
3936,王貝尔,,3,王海鸥 / 李广源 / 沈皇姑
3937,多亮,,1,李广源
3938,李婷婷,,1,沈余红
3939,姚岚,,2,沈皇姑 / 沈亮
3940,张浔,,2,Ensemble / Lust
3941,谢知恬,,1,Ensemble
3942,周奕帆,,1,Ensemble
3943,晓乔儿,,1,Ensemble
3949,程亦凡,,2,梅瑞狄斯 / 黛安娜
3960,李盈莹,,1,卡利斯塔
3961,明慧,,1,木头
3962,许衣诺,,1,小布
3963,雷雅涵,,1,阿利
3964,胡可女,,1,陆欣妍
3965,张龄尹,,1,沈雨墨
3966,林子皓,,2,Nathan / 李泰辅
3977,陈名豪,,1,陈启耀
3978,丁浩原,,1,林老师
3979,刘乐,,1,娜娜
3980,王铃川,,2,桃桃 / 图鲁克
3982,边宇林,,1,陆逊/陆康
3983,刘岳,,1,刘备/孙策
3984,曾思,,1,林若然
3985,卢静,,1,女主
3986,唐莉佳,,1,女主
3987,曾艾佳,,1,女主
4006,王译萱,,1,艾莉森
4010,李心语,导演/编剧,1,任安然
4021,庄宇豪,,2,白居易 / 霍普
4035,范芑涵,,1,波多野芳惠
4036,高飞,,1,王熙凤/有缘人
4042,乐宸,,2,方崇心 / Poe
4043,钱琪超,,3,奇幻 / 雕像 / 张衡
4044,小宝,,1,奇幻
4045,张佑臣,,2,奇幻 / 子敬
4052,葛瑞辰,,2,阳阳/李姐 / Greed
4054,张琦,,1,黛娜&玛莎
4059,庞栗,,1,沈墨舟
4060,袁奕鹏,,1,李保
4061,蔡蕊泽,,1,董钰知
4062,陈麒好,,4,胡玉兰/奶奶 / 蒙淑仪 / D / 程婉秋
4063,刘婷秀,,1,方菡
4064,袁益彬,,1,穆晓蕊
4065,王韬翔,,2,孔繁星 / 薛临
4066,王房嘉,,1,叶思源
4067,杨景予,,2,戴望星 / 桃桃
4068,杨若涵,,1,戴望星
4069,永康,,1,多功能
4070,杨思鑫,,1,多功能
4074,卢明蔚,,2,莉迪亚 / Lydia
4075,曲羿成,,2,皮特 / Ash
4076,钟雨珊,,1,简
4077,欧阳嘉文,,3,皮特 / 财哥 / Ash
4093,方丽歌,,1,王弗
4094,廖裕文,,2,章惇 / 青/中年章惇
4095,樊哲希,,1,张中
4096,耿伟,,1,苏过
4097,陈亚楠,,1,小灵
4098,吴懿炫,,1,姜唐佐
4099,刘乃枫,,1,董才
4100,亓寅峰,,1,赵梦得
4101,郑云泽,,2,青/中年苏轼 / 赵梦得
4102,陶诗虎,,2,青/中年章惇 / 姜唐佐
4103,高世凯,,1,多功能演员
4104,韩宝玮,,1,多功能演员
4105,赵媛,,1,多功能演员
4106,左炜,,1,章惇
4107,魏然,,1,苏过
4108,李佳朋,,1,张中
4109,章宇豪,,1,青/中年苏轼
4115,王建勇,,1,李有才
4116,毋静,,1,槐花
4117,王建军,,1,老杨同志
4122,朱珠,,1,安眠
4123,马昀楚,,1,妈妈
4124,苏恒暄,,1,南柯
4127,孙超屹,,1,苏和
4128,雷昊汶,,1,白马
4129,尚杭,,1,张衡
4130,章允蓝,,2,阿旭 / 黛安娜
4131,付爽,,1,黛安娜
4135,陈松伶,,1,徐静
4136,张艺,女演员北舞,1,王淑贤
4140,桑怀刚,,1,安宁
4141,龙家强,,1,刘大峰
4142,韩正阳,,1,小天鹅
4144,徐郑凯文,,1,张保
4145,王涛,,1,绿旗帮首领
4146,胥航凯,,1,紫旗帮首领
4155,赵子寅,,2,麦克斯 / Max
4156,叶逸腾,,2,托尼 / Tony
4157,黄羽婷,,2,阿曼达 / Amanda
4158,邓涵,,2,皮特 / Peter
4159,杨珂,,2,安琪 / Angel
4160,张煦晗,,1,农妇
4161,汪子荷,,1,孔柳
4162,杨佳彬,,1,孔端友
4163,赵悦程,,1,罗杰斯&特恩里
4175,于海洋,,1,章冠一
4176,张弛,女演员,1,田晓云
4177,金大全,,1,郑国兴
4178,袁帅,宝鸡,1,赵泰安
4179,冯磊,,1,德叔
4180,庞海鹏,,1,王阿四
4181,胡歌,女演员,1,素芬
4182,张云,,1,英妹
4183,张鑫,,1,警察
4184,王垚,,1,大军妻
4185,马少峰,,1,医生
4186,马建美,,1,护士
4187,马琳,,1,接生大嫂
4188,王芳,,1,技术女工
4189,唐铭,演员,2,Doyle / Stevie
4190,安文蓓,,1,Pride
4191,张贻杰,,2,Lust / 图鲁克
4192,兰陈龙,,1,Envy
4193,罗翊轩,,1,Greed
4195,胡杨天戈,,1,原康孝
4199,李梓鹏,,1,Pete
4200,蹇佳成,,1,William
4205,程诗若,,1,陈念安
4212,吴宣仪,,1,石香姑
4213,张尔希,,1,多功能人
4214,马安澜,,2,多功能人 / 苏轼
4215,高婧,,1,多功能人
4216,张博航,,1,Envy
4217,熊雨辰,,1,Greed
4218,张逸伦,,1,Envy
4219,房志硕,,1,Pride
4220,周子禹,,2,Greed / Agatha
4223,刘辉宇,,1,Seren
4224,李京,,1,Veghia
4225,李小萌,,1,芸娘
4230,李永曜,,1,马尔科
4231,招志恒,,1,Ash
4235,杨文霏,,2,黎槿 / 小静
4236,周铁男,,1,黄奇宝
4237,林忻,,1,林若若
4238,王梓屹,,1,状元郎
4239,王艺儒,,1,素冬
4240,林虹言,,1,念秋
4241,孔淦平,,1,知夏
4244,张曦匀,,1,青霞
4245,张乐瑶,,1,小狐仙
4246,李卿源,,1,夜叉
4247,徐亦澄,,1,夜叉
4256,王新然,,2,Tony / Peter
4257,葛淋淋,,1,Amanda
4258,崔熠帆,,1,Angel
4259,李语辰,,1,群舞
4260,毛梦怡,,1,群舞
4261,王可,,1,群舞
4262,张婧婧,,1,群舞
4263,张一格,,1,群舞
4264,陈思羽,,1,群舞
4265,冯诗琪,,1,群舞
4266,王艺璇,,1,群舞
4272,采飞扬,,1,蔻三娘
4273,刘璟暄,,1,莲香
4274,安芷萱,,1,李氏
4275,李思嘉,,1,蒲小灵
4291,王婉娜,,1,上官婉儿
4292,濮可扬,,2,李隆基 / 莫雷亚
4293,戴恩绪,,1,长童
4306,陈淼淼,,1,Agatha
4307,刘泽瑞英,,1,尤安
4308,吉萨莎玛,,1,陶细妹
4309,冷松,,1,陶阿龙
4310,秦一航,,1,政委
4312,杨淳显,,1,陶细妹
4313,李泓言,,2,白居易 / 怀恩
4314,涂力丹,,2,沈安娜 / Jerusha
4315,徐任阳,,1,Jerusha
4318,汤周睿,,1,苏轼
4319,刘行,,1,苏辙
4320,王泽丰,,1,洛川
4321,郑天成,,1,怀恩
4322,常金成,,2,守塔人 / 迟老师
4323,韩煦泽,,1,李隆基
4346,彭真,,1,A
4347,林雨鑫,,1,B
4348,陆淇,,1,C
4362,王贝尔,,1,庄笙
4363,王龙宇,,1,歌队
4364,刘梦涵,,1,歌队
4365,金唐诗,,1,歌队
4366,马语彤,,1,歌队
4367,陈熙镛,,1,怀特·希斯曼
4368,尹溥程,,1,休·戴克
4369,李雪辉,,1,傩灵
4370,上官俊雄,,1,傩灵
4371,苏佳宝,,1,傩灵
4372,宋岩麟,,1,傩灵
4373,杨柏然,,1,傩灵
4378,陆燃,,1,幸存者
4379,秦勇,,1,Ash
4380,黄珈鹤,,2,王雪英 / Lydia
4381,于川淼,,1,王雪英
4382,符斌,,2,财哥 / Pete
4383,郑露逸,,1,王忆遥
4384,苏悦雯,,2,罗招娣 / 王忆遥
4389,王依尔,,1,肖华
4390,唐希璇,,1,高幸
4391,梁皓智,,1,大海
4392,魏诗珊,,1,杨白
4409,刘茂竹,,1,陈妍
4415,邱婕薇,,1,赤珣
4418,史文翔,,1,奇幻
4424,霍烽,,1,陆子野
4425,西门远,,1,陈小达
4426,朱正怀,,1,简·爱
4427,赵雅祺,,1,海伦&阿黛尔
4428,刘霄飞,,1,勃洛克赫斯特&强尼
4429,牛澳菲,,1,里德
4430,富芷昕,,1,尤安
4431,陈芊冶,,1,莫雷亚
4432,李佳乐,,1,图鲁克
4433,邵晗,,1,林若若
4434,赵一涵,,1,Lydia
4437,陈悟立,,2,路易斯 / 里奥
4438,陈永林,,1,韦恩
4439,陈元,,1,孙过程
4440,李艾倪,,1,周会珍
4441,薛淇铭,,1,周舒珩
4442,蒋宜庭,,1,周舒珩
4443,王榕涛,,1,王云生
4444,杨竣棋,,1,王云生
4446,任旭,,1,郭勣
4451,王兆双,,1,老年郭勣
4452,李健,,1,杨忠信
4453,王蓝巧,,1,苏玛
4454,陈花座,,1,老年苏玛
4455,阿衣肯·赛买提汗,,1,阿斯那隼
4456,侯奕抒,,1,药罗葛·叶（叶公主）
4457,阿不力克木·托合提,,1,陆天枭
4458,美丽·热资雅,,1,双儿
4461,张玉浩,,1,玄青
4462,陈冠宇,,2,竹青 / 焦德利
4463,刘鸿冰,,1,武藤
4468,蔡明,,1,户妈妈
4469,于方园,,1,户妈妈
4470,林晓妮,,1,女歌手
4471,黄梓鸣,,1,尹大志
4472,张行一,,1,尹大志
4473,李禹潇,,1,高天浩
4474,朱恩浩,,1,高天浩
4475,孙标,,1,吴志国
4477,刘妍言,,1,桃桃
4478,徐健,,1,潘冬子
4479,史奕,,1,潘行义
4480,于明泽,,1,胡汉三
4481,方宇薇,,1,小百岁
4482,项卉,,1,李明月
4483,贾彤,,1,沈心儿
4484,乐垚贝,,1,米店老板娘
4485,王鹏涵,,1,米店沈老板
4486,孙立昊,,1,孙局长
4487,陈怡玲,,1,李明月
4488,代钰丹桐,,1,沈心儿
4489,陆蕙怡,,1,小百岁
4490,彭建强,,1,孙局长
4491,丁治玮,,1,张万保
4492,王可馨,,1,崔曼宁
4493,余昕雨,,1,崔曼宁
4494,杨宇欣,,1,徐秀美
4498,李响,上视觉,1,高正
4499,李艺彤,,1,西施
4513,吴俣晴,作词,1,任安然
4517,王京爱,,1,任安然
4518,林一涵,,1,顾乔
4519,李美蒑,,1,演员
4520,朱勇,演员,1,演员
4521,张丰铄,,1,迟老师
