actor_a,actor_b,co_shows,co_musicals,first_date,last_date
孙晶俐,林梦圆,350,1,2023-05-30,2025-11-30
张书豪,林梦圆,342,1,2023-05-30,2025-11-30
张书豪,孙晶俐,333,1,2023-05-30,2025-11-30
张书豪,杨雨婷,298,1,2023-04-26,2025-11-30
杨雨婷,林梦圆,291,1,2023-05-30,2025-11-30
杨雨婷,孙晶俐,287,1,2023-05-30,2025-11-30
谭建业,林梦圆,274,1,2023-06-01,2024-12-07
张书豪,谭建业,267,1,2023-05-31,2024-12-07
谭建业,孙晶俐,266,1,2023-06-01,2024-12-07
张书豪,殷赫阳,260,1,2023-04-26,2024-12-07
林梦圆,殷赫阳,258,1,2023-05-30,2024-12-07
张书豪,田恬,236,1,2023-04-27,2024-12-07
孙晶俐,殷赫阳,236,1,2023-05-30,2024-12-07
林梦圆,田恬,235,1,2023-05-30,2024-12-07
谭建业,杨雨婷,227,1,2023-05-31,2024-12-07
孙晶俐,田恬,224,1,2023-05-30,2024-11-27
张书豪,尉梦飞,221,1,2023-10-18,2025-11-30
谭建业,殷赫阳,211,1,2023-06-01,2024-12-07
杨雨婷,殷赫阳,206,1,2023-04-26,2024-12-07
林梦圆,梁广,198,1,2023-05-30,2024-11-10
谭建业,田恬,198,1,2023-05-31,2024-12-07
林梦圆,尉梦飞,198,1,2023-10-18,2025-11-30
杨雨婷,田恬,196,1,2023-04-27,2024-12-07
刘靖,张书豪,196,1,2023-08-31,2024-11-27
孙晶俐,尉梦飞,191,1,2023-10-18,2025-11-30
谭建业,尉梦飞,189,1,2023-10-18,2024-12-07
孙晶俐,梁广,188,1,2023-05-30,2024-11-10
刘靖,林梦圆,187,1,2023-08-31,2024-11-27
殷赫阳,田恬,180,1,2023-05-09,2024-11-27
刘靖,孙晶俐,178,1,2023-08-31,2024-11-27
杨雨婷,尉梦飞,177,1,2023-11-23,2025-11-30
殷赫阳,尉梦飞,175,1,2023-10-18,2024-12-07
张书豪,韩烨,173,1,2023-08-10,2024-12-07
张书豪,王笑语,170,1,2023-08-09,2024-12-07
张书豪,梁广,168,1,2023-04-26,2024-11-10
林梦圆,韩烨,164,1,2023-08-10,2024-12-07
刘靖,谭建业,164,1,2023-08-31,2024-11-27
王峙儒,吴勃臻,163,2,2023-05-02,2025-12-20
林梦圆,王笑语,162,1,2023-08-08,2024-12-07
张弌铖,刘爽,161,1,2023-02-03,2026-08-30
张弌铖,张功长,161,1,2023-02-03,2026-08-30
张弌铖,罗欢,161,1,2023-02-03,2026-08-30
张弌铖,李智浩,161,1,2023-02-03,2026-08-30
张弌铖,陈育新,161,1,2023-02-03,2026-08-30
张弌铖,吕京,161,1,2023-02-03,2026-08-30
张弌铖,郭炳琨,161,1,2023-02-03,2026-08-30
刘爽,张功长,161,1,2023-02-03,2026-08-30
刘爽,罗欢,161,1,2023-02-03,2026-08-30
刘爽,李智浩,161,1,2023-02-03,2026-08-30
刘爽,陈育新,161,1,2023-02-03,2026-08-30
刘爽,吕京,161,1,2023-02-03,2026-08-30
刘爽,郭炳琨,161,1,2023-02-03,2026-08-30
张功长,罗欢,161,1,2023-02-03,2026-08-30
张功长,李智浩,161,1,2023-02-03,2026-08-30
张功长,陈育新,161,1,2023-02-03,2026-08-30
张功长,吕京,161,1,2023-02-03,2026-08-30
张功长,郭炳琨,161,1,2023-02-03,2026-08-30
罗欢,李智浩,161,1,2023-02-03,2026-08-30
罗欢,陈育新,161,1,2023-02-03,2026-08-30
罗欢,吕京,161,1,2023-02-03,2026-08-30
罗欢,郭炳琨,161,1,2023-02-03,2026-08-30
李智浩,陈育新,161,1,2023-02-03,2026-08-30
李智浩,吕京,161,1,2023-02-03,2026-08-30
李智浩,郭炳琨,161,1,2023-02-03,2026-08-30
陈育新,吕京,161,1,2023-02-03,2026-08-30
陈育新,郭炳琨,161,1,2023-02-03,2026-08-30
吕京,郭炳琨,161,1,2023-02-03,2026-08-30
田恬,尉梦飞,161,1,2023-10-18,2024-12-07
孙晶俐,王笑语,160,1,2023-08-08,2024-12-06
孙晶俐,韩烨,160,1,2023-08-10,2024-12-07
李忻润,王峙儒,159,1,2023-05-02,2023-11-12
李忻润,陈沁,159,1,2023-05-02,2023-11-12
王峙儒,陈沁,159,1,2023-05-02,2023-11-12
李忻润,吴勃臻,158,1,2023-05-02,2023-11-12
李忻润,樊苏颐,158,1,2023-05-02,2023-11-12
王峙儒,樊苏颐,158,1,2023-05-02,2023-11-12
吴勃臻,陈沁,158,1,2023-05-02,2023-11-12
陈沁,樊苏颐,158,1,2023-05-02,2023-11-12
吴勃臻,樊苏颐,157,1,2023-05-02,2023-11-12
刘靖,杨雨婷,154,1,2023-08-31,2024-11-27
杨雨婷,梁广,150,1,2023-04-26,2024-11-10
谭建业,王笑语,150,1,2023-08-08,2024-12-07
刘靖,殷赫阳,149,1,2023-08-31,2024-11-27
徐杭,吴志军,147,8,2022-07-30,2026-09-15
吴志军,赵钱龙,145,8,2022-08-13,2026-10-04
刘靖,尉梦飞,142,1,2023-10-18,2024-11-27
周孟涛,李忻润,140,1,2023-05-02,2023-11-12
周孟涛,王峙儒,140,1,2023-05-02,2023-11-12
周孟涛,陈沁,140,1,2023-05-02,2023-11-12
周孟涛,吴勃臻,139,1,2023-05-02,2023-11-12
周孟涛,樊苏颐,139,1,2023-05-02,2023-11-12
谭建业,韩烨,139,1,2023-08-10,2024-12-07
姜崃,朱亮,138,5,2023-02-09,2026-09-03
杨雨婷,韩烨,136,1,2023-08-16,2024-12-07
杨雨婷,王笑语,132,1,2023-08-17,2024-12-07
殷赫阳,王笑语,130,1,2023-08-17,2024-11-27
桑可舟,冒海飞,127,4,2023-02-10,2026-10-07
刘靖,田恬,126,1,2023-08-31,2024-11-27
殷赫阳,梁广,122,1,2023-04-26,2024-11-10
殷赫阳,韩烨,122,1,2023-08-10,2024-12-07
王笑语,尉梦飞,120,1,2023-11-08,2024-12-07
郝李英杰,陈志,117,4,2023-04-07,2026-08-28
吴凯泽,林梦圆,117,1,2023-05-30,2024-04-28
梁广,田恬,115,1,2023-04-27,2024-11-10
谭建业,梁广,115,1,2023-05-31,2024-08-16
韩烨,尉梦飞,115,1,2023-10-18,2024-12-07
纪晓坤,汤佳明,112,4,2023-03-04,2026-10-02
吴凯泽,孙晶俐,112,1,2023-05-30,2024-04-28
田恬,王笑语,112,1,2023-08-08,2024-12-07
田恬,韩烨,112,1,2023-08-10,2024-11-26
徐杭,赵钱龙,109,7,2022-08-13,2026-09-23
刘靖,王笑语,108,1,2023-08-31,2024-11-27
王培杰,冒海飞,103,5,2023-02-10,2026-10-07
张弌铖,田雨,101,1,2024-01-01,2026-08-30
刘爽,田雨,101,1,2024-01-01,2026-08-30
张功长,田雨,101,1,2024-01-01,2026-08-30
罗欢,田雨,101,1,2024-01-01,2026-08-30
李智浩,田雨,101,1,2024-01-01,2026-08-30
陈育新,田雨,101,1,2024-01-01,2026-08-30
吕京,田雨,101,1,2024-01-01,2026-08-30
郭炳琨,田雨,101,1,2024-01-01,2026-08-30
郑正,蒋梦诗,100,2,2023-01-06,2024-11-17
刘靖,梁广,98,1,2023-08-31,2024-11-10
刘靖,韩烨,98,1,2023-09-10,2024-11-26
吴凯泽,杨雨婷,96,1,2023-04-08,2024-04-28
安婧祎,林梦圆,96,1,2023-06-02,2024-04-30
林梦圆,闫栋,96,1,2023-06-02,2024-12-07
张弌铖,李静怡,96,1,2023-10-27,2026-08-30
刘爽,李静怡,96,1,2023-10-27,2026-08-30
张功长,李静怡,96,1,2023-10-27,2026-08-30
罗欢,李静怡,96,1,2023-10-27,2026-08-30
李智浩,李静怡,96,1,2023-10-27,2026-08-30
陈育新,李静怡,96,1,2023-10-27,2026-08-30
吕京,李静怡,96,1,2023-10-27,2026-08-30
郭炳琨,李静怡,96,1,2023-10-27,2026-08-30
相征,钱蒙楠,95,9,2023-01-15,2026-09-16
张智涵,邵玎,95,6,2022-02-25,2026-07-01
姜均,申帅,95,5,2023-01-07,2026-06-21
李静怡,田雨,94,1,2024-03-07,2026-08-30
朱芾,赵禹钧,93,4,2023-02-09,2025-12-28
林梦圆,江柏成,93,1,2023-05-30,2024-10-01
朱家鹏,姜崃,92,5,2023-02-10,2026-09-12
邵奕磊,郝李英杰,92,5,2023-02-12,2026-08-19
桑可舟,王培杰,92,4,2023-02-10,2026-10-07
高杨,张会芳,92,4,2023-06-09,2026-10-01
郭禹良,李子健,92,3,2023-02-10,2024-11-23
曾鑫,李坤嘉,92,3,2023-08-09,2026-08-09
孙晶俐,江柏成,92,1,2023-05-30,2024-10-02
相征,田野,91,11,2023-01-14,2026-09-04
张沁丹,胥子含,91,11,2023-07-21,2026-10-28
孙紫薇,林梦圆,91,1,2023-06-01,2024-07-18
姜均,赵钱龙,90,5,2022-12-02,2026-06-21
蔡淇,王敏辉,90,3,2022-02-25,2026-05-05
刘令飞,李炜铃,90,3,2023-01-07,2026-07-05
安婧祎,孙晶俐,90,1,2023-06-02,2024-04-30
孙晶俐,闫栋,90,1,2023-06-02,2024-12-06
吴以瀚,朱家鹏,89,3,2023-04-28,2026-09-11
刘令飞,白举纲,89,2,2023-01-07,2026-07-04
邵奕磊,朱亮,87,7,2023-02-19,2026-08-30
徐杭,申帅,87,5,2023-01-07,2026-06-20
郑棋元,赵禹钧,87,2,2023-03-25,2026-05-31
杨君军,朱家鹏,86,1,2023-04-29,2026-09-12
梁广,王笑语,86,1,2023-08-08,2024-11-10
张智涵,申帅,85,5,2022-11-25,2026-06-20
安婧祎,杨雨婷,85,1,2023-04-07,2024-04-30
张书豪,吴凯泽,85,1,2023-04-26,2024-04-28
孙紫薇,孙晶俐,85,1,2023-06-01,2024-07-05
李政绪,朱亮,84,5,2023-01-02,2026-08-01
姜均,徐杭,83,6,2022-08-26,2026-06-13
邵玎,申帅,83,4,2022-11-25,2026-06-20
张书豪,安婧祎,83,1,2023-04-26,2024-04-30
吴杭律,滕春鹏,82,3,2023-01-01,2026-07-04
胡芳洲,申帅,82,3,2023-01-07,2026-06-21
万钰彬,许昌泰,81,9,2023-11-12,2026-09-27
赵雨卉,邓贤凌,81,8,2023-07-04,2026-10-06
傅祥安,张琛,81,5,2023-02-23,2026-08-29
武冠辰,巴文豪,81,5,2024-09-30,2026-08-30
郑棋元,胡超政,81,2,2023-02-03,2026-05-31
张书豪,孙紫薇,81,1,2023-06-01,2024-07-18
于滨嘉,江泽辰,80,5,2023-05-26,2026-11-20
吴凯泽,梁广,80,1,2023-04-26,2024-01-25
谭建业,周熙智,80,1,2023-10-24,2024-11-24
温升宝,刘瀚聪,79,4,2023-04-15,2026-10-11
吴杭律,于梦滢,79,3,2023-02-11,2026-07-04
孙礼杰,张琛,79,1,2023-03-16,2026-10-02
杨雨婷,江柏成,79,1,2023-04-26,2024-10-02
林子兴,韩涵,79,1,2025-04-13,2026-06-19
于晓璘,王培杰,78,6,2022-12-24,2026-09-02
王颢珏,左溢,78,2,2023-02-25,2026-08-29
张泽浩,林子兴,78,2,2024-12-28,2026-06-19
毛二,徐昊,77,10,2022-12-31,2025-11-01
赵钱龙,申帅,77,4,2022-11-25,2026-06-21
陈科铭,李玉言,77,3,2023-01-15,2026-03-15
赵洪博,余镇鳌,76,5,2023-08-12,2026-12-13
张琛,刘岩,76,2,2023-03-16,2026-10-01
杨雨婷,闫栋,76,1,2023-04-27,2024-12-07
谭建业,孙紫薇,76,1,2023-06-01,2024-07-18
梁广,韩烨,76,1,2023-08-10,2024-11-09
赵伟钢,钟舜傲,75,9,2023-01-08,2026-11-15
徐泽辉,胡芳洲,75,4,2022-08-18,2026-06-21
刘阳,李金哲,75,1,2023-01-06,2024-11-17
刘阳,武阳坤,75,1,2023-01-06,2024-11-17
刘阳,乐巍,75,1,2023-01-06,2024-11-17
刘阳,郑正,75,1,2023-01-06,2024-11-17
刘阳,蒋梦诗,75,1,2023-01-06,2024-11-17
刘阳,李曌,75,1,2023-01-06,2024-11-17
刘阳,沈道灵,75,1,2023-01-06,2024-11-17
刘阳,汪晓宇,75,1,2023-01-06,2024-11-17
李金哲,武阳坤,75,1,2023-01-06,2024-11-17
李金哲,乐巍,75,1,2023-01-06,2024-11-17
李金哲,郑正,75,1,2023-01-06,2024-11-17
李金哲,蒋梦诗,75,1,2023-01-06,2024-11-17
李金哲,李曌,75,1,2023-01-06,2024-11-17
李金哲,沈道灵,75,1,2023-01-06,2024-11-17
李金哲,汪晓宇,75,1,2023-01-06,2024-11-17
武阳坤,乐巍,75,1,2023-01-06,2024-11-17
武阳坤,郑正,75,1,2023-01-06,2024-11-17
武阳坤,蒋梦诗,75,1,2023-01-06,2024-11-17
武阳坤,李曌,75,1,2023-01-06,2024-11-17
武阳坤,沈道灵,75,1,2023-01-06,2024-11-17
武阳坤,汪晓宇,75,1,2023-01-06,2024-11-17
乐巍,郑正,75,1,2023-01-06,2024-11-17
乐巍,蒋梦诗,75,1,2023-01-06,2024-11-17
乐巍,李曌,75,1,2023-01-06,2024-11-17
乐巍,沈道灵,75,1,2023-01-06,2024-11-17
乐巍,汪晓宇,75,1,2023-01-06,2024-11-17
郑正,李曌,75,1,2023-01-06,2024-11-17
郑正,沈道灵,75,1,2023-01-06,2024-11-17
郑正,汪晓宇,75,1,2023-01-06,2024-11-17
蒋梦诗,李曌,75,1,2023-01-06,2024-11-17
蒋梦诗,沈道灵,75,1,2023-01-06,2024-11-17
蒋梦诗,汪晓宇,75,1,2023-01-06,2024-11-17
李曌,沈道灵,75,1,2023-01-06,2024-11-17
李曌,汪晓宇,75,1,2023-01-06,2024-11-17
沈道灵,汪晓宇,75,1,2023-01-06,2024-11-17
安婧祎,吴凯泽,75,1,2023-04-08,2024-04-28
黄可,顾易,74,6,2023-03-25,2026-10-06
徐泽辉,申帅,74,5,2022-11-25,2026-06-21
张书豪,江柏成,74,1,2023-04-26,2024-10-02
张书豪,周熙智,74,1,2023-10-19,2024-11-24
王帅,李信,73,3,2022-12-25,2025-11-09
刘阳,暴晓萱,73,2,2023-01-01,2026-01-31
赵超凡,吴勃臻,73,2,2023-05-03,2025-08-31
吴凯泽,闫栋,73,1,2023-04-27,2024-01-04
杨君军,吴以瀚,73,1,2023-04-29,2026-09-11
陈卓,龚泽镪,73,1,2024-10-02,2026-04-03
钟嘉诚,夏阳,72,10,2023-01-11,2025-07-05
徐泽辉,张智涵,72,9,2022-07-30,2026-07-01
左一平,王珏语涵,72,4,2024-04-03,2026-10-21
鲁芳岐,郭禹良,72,3,2023-04-07,2024-11-16
张书豪,闫栋,72,1,2023-04-27,2024-12-07
韩涵,王禹皓,72,1,2025-04-13,2026-06-19
汤佳明,许昌泰,71,11,2024-01-27,2026-10-04
李政绪,郝李英杰,71,6,2023-04-08,2026-08-28
陈玉婷,丁辰西,71,4,2023-01-14,2026-08-29
邵奕磊,陈志,71,4,2023-05-03,2026-09-18
滕春鹏,于梦滢,71,2,2023-02-23,2026-08-21
朱家鹏,杨亚辉,71,1,2023-04-29,2026-09-12
潘杭苇,李忻润,71,1,2023-05-02,2023-11-12
潘杭苇,王峙儒,71,1,2023-05-02,2023-11-12
潘杭苇,陈沁,71,1,2023-05-02,2023-11-12
潘杭苇,樊苏颐,71,1,2023-05-02,2023-11-12
蒋倩如,刘钊,70,3,2023-03-10,2026-08-23
潘杭苇,吴勃臻,70,1,2023-05-02,2023-11-12
胡芳洲,姜均,69,3,2022-12-02,2026-06-21
牛博为,朱亮,69,3,2023-01-03,2026-07-02
刘阳,李子涵,69,3,2023-01-11,2026-10-25
纪晓坤,廖婧媛,69,3,2023-02-11,2026-01-17
李卓远,李信,69,2,2022-12-30,2025-06-29
刘钊,潘珏辰,69,2,2023-03-10,2025-10-05
杨君军,杨亚辉,69,1,2023-04-29,2026-09-12
杨陈秀一,李忻润,69,1,2023-05-03,2023-11-12
杨陈秀一,王峙儒,69,1,2023-05-03,2023-11-12
杨陈秀一,吴勃臻,69,1,2023-05-03,2023-11-12
杨陈秀一,陈沁,69,1,2023-05-03,2023-11-12
赵超凡,李忻润,69,1,2023-05-03,2023-11-10
赵超凡,王峙儒,69,1,2023-05-03,2023-11-10
赵超凡,陈沁,69,1,2023-05-03,2023-11-10
赵超凡,樊苏颐,69,1,2023-05-03,2023-11-10
孙晶俐,周熙智,69,1,2023-10-19,2024-11-24
李政绪,陈志,68,5,2023-01-02,2026-09-18
于晓璘,李乐尧,68,4,2022-11-11,2026-09-12
杨宇威,张毅凯,68,4,2023-01-07,2026-09-18
郑艺彬,倪晔,68,4,2023-03-27,2026-09-25
连江维,唐超,68,3,2023-01-01,2025-01-11
高天鹤,董志勇,68,3,2023-02-25,2026-10-06
于晓璘,朱家鹏,68,3,2023-04-28,2026-10-02
郑棋元,谢馨仪,68,1,2023-02-03,2026-05-31
闫栋,梁广,68,1,2023-04-27,2024-01-03
杨陈秀一,樊苏颐,68,1,2023-05-03,2023-11-12
林子兴,王禹皓,68,1,2025-04-13,2026-06-19
于滨嘉,刘瀚聪,67,5,2023-01-01,2026-07-26
樊苏颐,张智涵,67,3,2024-09-29,2026-06-20
王敏辉,邓贤凌,67,2,2023-04-05,2026-03-12
唐子晗,王雅馨,67,2,2024-08-04,2026-07-31
黄爽,张殿宇,67,1,2023-08-29,2026-05-15
张书豪,张潇寒,67,1,2024-01-25,2024-11-26
徐杭,邵玎,66,6,2022-02-25,2026-09-17
张智涵,姜均,66,5,2022-08-27,2026-06-18
舒荣波,张琛,66,1,2023-03-17,2026-10-02
梁广,江柏成,66,1,2023-04-26,2024-10-02
林梦圆,周熙智,66,1,2023-10-19,2024-11-24
殷赫阳,周熙智,66,1,2023-10-24,2024-11-24
王晶琬,陈卓,66,1,2024-10-01,2026-03-21
申帅,宗雪健,66,1,2024-12-24,2026-06-20
曹牧之,朱亮,65,7,2023-03-30,2026-11-14
徐泽辉,邵玎,65,6,2022-02-26,2026-07-01
姜均,吴志军,65,5,2022-12-03,2026-05-30
李乐尧,朱家鹏,65,2,2023-01-13,2026-09-12
郑棋元,朱芾,65,2,2023-03-25,2025-12-28
张弌铖,张亚茜,65,1,2023-02-03,2024-01-07
刘爽,张亚茜,65,1,2023-02-03,2024-01-07
张功长,张亚茜,65,1,2023-02-03,2024-01-07
罗欢,张亚茜,65,1,2023-02-03,2024-01-07
李智浩,张亚茜,65,1,2023-02-03,2024-01-07
张亚茜,陈育新,65,1,2023-02-03,2024-01-07
张亚茜,吕京,65,1,2023-02-03,2024-01-07
张亚茜,郭炳琨,65,1,2023-02-03,2024-01-07
孙礼杰,刘岩,65,1,2023-03-16,2026-10-01
安婧祎,梁广,65,1,2023-04-26,2024-01-31
吴凯泽,江柏成,65,1,2023-04-26,2024-01-20
谭建业,张潇寒,65,1,2024-02-01,2024-11-26
桑可舟,于佳鑫,64,5,2022-12-03,2026-07-11
桑可舟,刘钊,64,4,2023-03-10,2026-08-23
胡芳洲,张智涵,64,3,2022-08-18,2026-06-18
郭珍艳,张嘉豪,64,2,2023-11-14,2026-09-11
曾阵,陈政宇,64,2,2024-10-17,2026-08-29
王玙璠,唐超,64,1,2023-01-01,2025-01-11
吴凯泽,田恬,64,1,2023-04-27,2024-01-14
潘杭苇,周孟涛,64,1,2023-05-02,2023-11-12
张智涵,徐杭,63,8,2022-02-25,2026-07-01
桑可舟,蒋倩如,63,3,2023-03-10,2026-08-23
于晓璘,吴以瀚,63,2,2023-04-28,2026-09-11
滕春鹏,唐超,63,1,2023-01-01,2025-01-11
刘阳,郑玲,63,1,2023-03-11,2024-11-17
李金哲,郑玲,63,1,2023-03-11,2024-11-17
武阳坤,郑玲,63,1,2023-03-11,2024-11-17
乐巍,郑玲,63,1,2023-03-11,2024-11-17
郑正,郑玲,63,1,2023-03-11,2024-11-17
郑玲,蒋梦诗,63,1,2023-03-11,2024-11-17
郑玲,李曌,63,1,2023-03-11,2024-11-17
郑玲,沈道灵,63,1,2023-03-11,2024-11-17
郑玲,汪晓宇,63,1,2023-03-11,2024-11-17
孙紫薇,殷赫阳,63,1,2023-06-01,2024-07-18
王敏辉,张嘉豪,63,1,2023-11-11,2026-06-01
李怡垚,陈卓,63,1,2024-10-01,2026-03-21
刘瀚聪,姜义哲,62,4,2023-11-18,2026-10-11
于晓璘,杨映宇,62,3,2023-04-28,2025-10-13
李炜铃,白举纲,62,2,2023-01-07,2026-07-04
姜均,李秋盟,62,2,2023-05-26,2026-06-16
卞佳平,郑正,62,2,2023-07-07,2024-11-17
卞佳平,蒋梦诗,62,2,2023-07-07,2024-11-17
白子涵,李君傲,62,2,2024-03-17,2026-04-25
郑棋元,宗雪健,62,1,2023-02-03,2025-12-28
宗雪健,谢馨仪,62,1,2023-02-03,2025-12-28
吴以瀚,杨亚辉,62,1,2023-04-29,2026-09-11
田恬,江柏成,62,1,2023-05-09,2024-02-25
梁广,尉梦飞,62,1,2023-10-24,2024-11-10
徐泽辉,徐杭,61,8,2022-02-26,2026-11-21
胡芳洲,赵钱龙,61,4,2022-08-18,2026-06-21
李政绪,赵霄汉,61,4,2023-02-04,2024-10-02
郑棋元,庞盛之,61,2,2023-02-03,2026-05-28
刘令飞,张沁丹,61,2,2023-02-23,2026-07-05
舒荣波,孙礼杰,61,2,2023-03-17,2026-10-02
樊苏颐,霍泽安,61,2,2024-08-21,2026-06-20
邹宇昂,韩涵,61,2,2025-04-18,2026-06-28
江东旭,朱家鹏,61,1,2023-04-28,2026-09-12
马添龙,李忻润,61,1,2023-05-04,2023-11-12
马添龙,王峙儒,61,1,2023-05-04,2023-11-12
马添龙,吴勃臻,61,1,2023-05-04,2023-11-12
马添龙,陈沁,61,1,2023-05-04,2023-11-12
刘阳,刘贺,61,1,2023-06-03,2024-11-17
李金哲,刘贺,61,1,2023-06-03,2024-11-17
武阳坤,刘贺,61,1,2023-06-03,2024-11-17
乐巍,刘贺,61,1,2023-06-03,2024-11-17
郑正,刘贺,61,1,2023-06-03,2024-11-17
郑玲,刘贺,61,1,2023-06-03,2024-11-17
蒋梦诗,刘贺,61,1,2023-06-03,2024-11-17
李曌,刘贺,61,1,2023-06-03,2024-11-17
沈道灵,刘贺,61,1,2023-06-03,2024-11-17
汪晓宇,刘贺,61,1,2023-06-03,2024-11-17
郭嘉轩,钟舜傲,60,7,2022-10-29,2025-10-25
黄天宇,刘放,60,7,2023-04-15,2026-07-25
王洁璐,马小乔,60,7,2023-09-02,2026-11-01
姜均,邵玎,60,4,2022-08-26,2026-06-18
郭洧江,脱骁尧,60,4,2023-02-03,2026-05-10
张智涵,白瀚祥,60,3,2022-02-25,2026-06-20
王瀚宇,翟松,60,3,2022-11-04,2026-09-30
胡芳洲,邵玎,60,3,2022-12-02,2026-06-18
张毅凯,李玉言,60,3,2023-01-07,2026-01-10
于滨嘉,王颢珏,60,3,2023-02-10,2026-11-21
吴以瀚,高尔金宝音,60,3,2023-04-28,2026-09-11
郭耀嵘,孙礼杰,60,2,2023-03-17,2026-08-07
樊苏颐,申帅,60,2,2024-08-22,2026-06-21
郑棋元,何亮辰,60,1,2023-02-03,2026-05-31
何亮辰,谢馨仪,60,1,2023-02-03,2026-05-31
张弌铖,杨佐夫,60,1,2023-02-03,2023-12-31
刘爽,杨佐夫,60,1,2023-02-03,2023-12-31
张功长,杨佐夫,60,1,2023-02-03,2023-12-31
罗欢,杨佐夫,60,1,2023-02-03,2023-12-31
李智浩,杨佐夫,60,1,2023-02-03,2023-12-31
陈育新,杨佐夫,60,1,2023-02-03,2023-12-31
吕京,杨佐夫,60,1,2023-02-03,2023-12-31
杨佐夫,郭炳琨,60,1,2023-02-03,2023-12-31
杨陈秀一,周孟涛,60,1,2023-05-03,2023-11-12
马添龙,樊苏颐,60,1,2023-05-04,2023-11-12
张书豪,李佳璐,60,1,2023-10-17,2024-12-07
孙晶俐,张潇寒,60,1,2024-01-25,2024-11-19
陈卓,胡志勋,60,1,2024-10-01,2026-03-21
钱蒙楠,汤佳明,59,9,2023-04-01,2026-08-29
徐佳文,蔡馨怡,59,5,2024-02-20,2026-09-05
李秋盟,曹牧之,59,4,2023-01-07,2026-09-17
文振宇,刘秫呈,59,3,2023-01-02,2025-06-07
赵超凡,周孟涛,59,1,2023-05-03,2023-11-10
杨雨婷,周熙智,59,1,2023-10-19,2024-11-24
尉梦飞,张潇寒,59,1,2024-02-15,2024-11-26
元佳辰,陈卓,59,1,2024-10-02,2026-03-08
张泽浩,韩涵,59,1,2025-05-28,2026-06-19
徐佳文,吴盛祥,58,6,2024-07-25,2026-10-06
周默涵,桑可舟,58,4,2022-12-03,2026-07-08
崔恩尔,刘岩,58,2,2023-03-04,2026-10-01
姜均,叶麒圣,58,2,2023-11-04,2026-06-21
张亚茜,杨佐夫,58,1,2023-02-03,2023-12-31
孙紫薇,梁广,58,1,2023-06-01,2024-07-02
周熙智,尉梦飞,58,1,2023-10-24,2024-11-19
谭建业,李佳璐,58,1,2023-10-26,2024-12-07
潘龙,陈卓,58,1,2024-10-02,2025-06-20
张天玮,韩涵,58,1,2025-04-13,2026-06-19
张沁丹,叶嘉雯,57,7,2023-05-02,2026-10-28
徐泽辉,姜均,57,6,2022-08-26,2026-06-21
陈志,朱亮,57,4,2023-01-02,2026-08-01
李秋盟,李佳音,57,4,2023-01-06,2026-09-17
周波,于梦滢,57,3,2023-02-11,2026-10-05
胡芳洲,霍泽安,57,3,2023-03-21,2026-06-18
王逸飞,于梦滢,57,3,2023-05-25,2026-09-25
徐泽辉,樊苏颐,57,3,2024-08-22,2026-06-21
邓贤凌,张嘉豪,57,2,2023-11-11,2026-06-30
樊苏颐,白瀚祥,57,2,2024-08-21,2026-06-20
李嘉骏,郭禹良,57,1,2023-02-11,2024-06-01
高天鹤,刘泽蓬,57,1,2023-04-01,2024-08-24
闫栋,田恬,57,1,2023-04-27,2024-12-07
马添龙,周孟涛,57,1,2023-05-04,2023-11-12
林梦圆,李佳璐,57,1,2023-10-17,2024-12-07
李佳璐,尉梦飞,57,1,2023-11-02,2024-12-07
杜鑫艳,宁梦恬,56,5,2023-07-21,2026-10-25
杨宇威,李玉言,56,3,2023-01-01,2026-03-13
李珏,左溢,56,2,2023-02-25,2026-04-11
王颢珏,温升宝,56,2,2023-05-26,2026-08-29
王嘉,潘天国,56,2,2023-07-07,2025-08-09
叶麒圣,申帅,56,2,2023-11-04,2026-06-21
张雅琪,高天鹤,56,1,2023-02-25,2024-08-24
吴以瀚,帕赛,56,1,2023-04-28,2026-09-11
陈臻,张殿宇,56,1,2023-08-30,2026-05-15
张天玮,林子兴,56,1,2025-04-11,2026-06-19
刘瀚聪,王逸飞,55,6,2023-02-14,2026-08-11
赵钱龙,霍泽安,55,6,2023-03-28,2026-09-22
徐泽辉,白瀚祥,55,4,2022-02-26,2026-06-20
曹珺,朱微之,55,4,2023-01-29,2026-08-29
汤佳明,廖婧媛,55,4,2023-03-05,2026-01-17
周靖杰,郑婉霞,55,4,2023-08-12,2026-08-08
霍泽安,申帅,55,4,2023-11-12,2026-06-20
胡芳洲,徐杭,55,3,2022-08-18,2026-05-30
于晓璘,帕赛,55,3,2022-11-11,2026-09-12
孙欣业,李佳音,55,3,2023-01-10,2026-09-13
郭俊宇,唐超,55,3,2023-01-25,2024-12-07
赵禹钧,胡超政,55,2,2023-03-25,2026-05-31
杜牧,郑金铠,55,2,2023-09-07,2026-08-08
王颢珏,姜义哲,55,2,2023-10-08,2026-07-24
李信,刘晓燕,55,1,2022-12-24,2025-11-26
孙紫薇,田恬,55,1,2023-06-01,2024-07-18
杨雨婷,张潇寒,55,1,2024-01-25,2024-11-26
李培智,李君傲,55,1,2024-03-17,2026-06-22
武冠辰,陈政宇,55,1,2024-09-30,2026-08-28
邹宇昂,林子兴,55,1,2025-04-11,2026-06-19
杜钇樵,胥子含,54,6,2024-02-04,2026-09-22
周默涵,于佳鑫,54,5,2022-12-03,2026-08-08
顾易,纪晓坤,54,4,2023-01-13,2026-08-29
周文嘉,杜鑫艳,54,4,2023-07-19,2026-06-21
李坤嘉,郑金铠,54,2,2023-12-30,2026-08-30
陈卓,安吉儿,54,2,2024-10-02,2026-07-24
滕春鹏,王玙璠,54,1,2023-01-01,2024-12-14
刘阳,郭亢,54,1,2023-01-09,2026-01-24
何亮辰,宗雪健,54,1,2023-02-03,2025-12-28
刘令飞,张玮伦,54,1,2023-02-24,2026-07-04
朱家鹏,帕赛,54,1,2023-04-28,2026-09-12
杨君军,江东旭,54,1,2023-04-29,2026-09-12
巴文豪,陈政宇,54,1,2024-09-30,2026-08-28
刘羿含,陈卓,54,1,2024-10-02,2026-04-03
胡芳洲,樊苏颐,54,1,2024-12-25,2026-06-21
张腾,黄玟宇,54,1,2025-03-14,2026-02-07
张天玮,王禹皓,54,1,2025-04-13,2026-06-19
相征,汤佳明,53,11,2023-11-19,2026-09-26
祝颂皓,李苏霖,53,7,2023-02-09,2026-09-27
郭耀嵘,张博俊,53,6,2023-02-14,2026-08-29
李秋盟,陈科铭,53,5,2023-05-01,2026-05-17
徐泽辉,李秋盟,53,4,2023-01-10,2026-09-20
白瀚祥,申帅,53,3,2023-01-07,2026-06-20
黄晓婕,李泽楷,53,3,2023-02-18,2026-08-30
樊苏颐,邵玎,53,3,2024-11-02,2026-06-20
郑棋元,马灵奇,53,2,2022-12-28,2026-05-31
湛嘉丽,高天鹤,53,2,2023-02-25,2025-11-30
舒荣波,刘岩,53,2,2023-03-19,2026-10-01
孙化卓,郭禹良,53,2,2023-04-28,2024-10-19
刘令飞,王峙儒,53,2,2023-05-05,2023-11-12
吴杭律,王逸飞,53,2,2023-05-25,2026-03-09
吴凯泽,殷赫阳,53,1,2023-04-26,2024-04-28
杨君军,帕赛,53,1,2023-04-29,2026-09-12
刘令飞,李忻润,53,1,2023-05-05,2023-11-12
刘令飞,陈沁,53,1,2023-05-05,2023-11-12
刘令飞,樊苏颐,53,1,2023-05-05,2023-11-12
陈臻,黄爽,53,1,2023-09-13,2026-05-15
田恬,周熙智,53,1,2023-10-24,2024-11-24
杜牧,李俊杰,53,1,2024-09-28,2026-09-21
陈韬,陈卓,53,1,2024-10-11,2026-01-23
邹宇昂,王禹皓,53,1,2025-04-18,2026-06-19
毛二,洪果,52,6,2021-07-30,2026-05-21
徐泽辉,赵钱龙,52,6,2022-08-13,2026-06-21
周波,王逸飞,52,6,2023-01-08,2026-08-15
何铭海,顾易,52,6,2023-04-02,2026-08-15
毛二,潘珏辰,52,5,2023-03-17,2026-09-13
徐泽辉,霍泽安,52,5,2023-11-12,2026-06-20
张智涵,霍泽安,52,4,2024-03-02,2026-06-20
吴以瀚,云孟和,52,3,2023-01-26,2026-06-28
陈科铭,张毅凯,52,3,2023-02-03,2025-11-02
刘乙萱,于晓璘,52,3,2023-02-14,2026-09-12
鲁芳岐,李子健,52,3,2023-04-07,2024-06-08
郑艺彬,翟松,52,3,2023-09-27,2026-10-06
刘令飞,吴勃臻,52,2,2023-05-05,2023-11-12
郑金铠,王常凯,52,2,2023-08-02,2026-08-30
周波,郭珍艳,52,2,2023-12-28,2026-09-05
李金阳,林子兴,52,2,2024-12-27,2026-05-16
樊苏颐,姜均,52,2,2024-12-28,2026-06-21
安婧祎,殷赫阳,52,1,2023-04-26,2024-04-30
安婧祎,闫栋,52,1,2023-04-28,2023-11-23
张书豪,王雨,52,1,2024-02-25,2024-11-26
赵雨卉,胥子含,51,11,2023-06-28,2026-10-23
遇泓羊,王逸飞,51,7,2023-01-15,2026-08-01
周靖杰,王博睿,51,6,2023-08-17,2026-08-08
朱亚洲,施博威,51,5,2023-03-23,2026-09-20
顾易,孙一城,51,5,2024-08-10,2026-07-17
于佳鑫,刘宇希,51,3,2022-12-03,2026-05-10
朱家鹏,曹小欠儿,51,3,2023-01-06,2026-06-28
李秋盟,郝李英杰,51,3,2023-01-12,2026-08-15
郭亢,遇泓羊,51,3,2023-03-02,2026-01-29
朱家鹏,高尔金宝音,51,3,2023-04-28,2026-09-12
吴以瀚,姜崃,51,3,2023-04-30,2026-09-11
刘令飞,亚森,51,2,2023-01-07,2025-12-17
蛋蛋,李佳音,51,2,2023-01-30,2024-10-07
蔡淇,邓贤凌,51,2,2023-04-05,2026-05-03
江东旭,吴以瀚,51,2,2023-04-28,2026-09-11
李泽熙,恩妤,51,2,2023-05-26,2026-09-26
杨宇威,李坤嘉,51,2,2023-08-15,2026-08-23
张天玮,邹宇昂,51,2,2025-04-11,2026-06-19
毋子玥,韩涵,51,2,2025-04-13,2026-06-28
铭亮,高天鹤,51,1,2023-02-25,2024-08-24
殷赫阳,江柏成,51,1,2023-04-26,2024-10-01
于晓璘,杨亚辉,51,1,2023-05-03,2026-09-12
杜牧,王博睿,51,1,2023-08-17,2025-07-27
朱家鹏,孙礼杰,51,1,2024-03-06,2026-10-02
李金阳,王文轩,51,1,2024-12-23,2025-10-17
樊苏颐,宗雪健,51,1,2024-12-25,2026-06-20
张泽浩,王禹皓,51,1,2025-05-28,2026-06-19
杜钇樵,王珏语涵,50,5,2023-09-28,2026-09-26
张智涵,赵钱龙,50,4,2022-08-13,2026-01-01
吴俊鹏,杜航,50,4,2022-12-11,2024-06-30
张鑫澳,文振宇,50,4,2023-01-01,2025-05-10
郭颂兰,陈雨秋,50,4,2023-10-15,2026-06-28
李信,张鑫澳,50,3,2024-08-24,2026-02-08
姜崃,牛博为,50,2,2023-02-07,2026-08-14
蒋倩如,潘珏辰,50,2,2023-03-10,2026-08-09
朱芾,胡超政,50,2,2023-03-25,2025-12-28
杨宇威,曾鑫,50,2,2023-04-07,2025-07-16
王玙璠,郭俊宇,50,1,2023-01-25,2024-11-08
马灵奇,谢馨仪,50,1,2023-02-03,2026-05-31
于晓璘,杨君军,50,1,2023-04-29,2026-09-12
李乐尧,杨君军,50,1,2023-05-03,2026-09-12
陈卓,方敬萱,50,1,2024-10-01,2025-03-30
樊苏颐,李秋盟,50,1,2025-01-01,2026-06-17
樊苏颐,冯镝霏,50,1,2025-01-01,2026-06-19
徐佳文,邵立君,49,8,2023-08-06,2025-08-24
王洁璐,郑涵一,49,8,2023-08-19,2026-08-22
丁辰西,杜鑫艳,49,7,2023-07-04,2026-07-26
朱亮,赵霄汉,49,4,2023-02-14,2024-12-14
陈科铭,朱亚洲,49,3,2023-01-02,2026-05-20
周波,吴杭律,49,3,2023-02-11,2026-01-20
温升宝,林大钦,49,3,2023-04-16,2026-07-23
徐均朔,刘浩冉,49,3,2023-05-26,2026-09-20
于佳鑫,丁宇佳,49,2,2022-12-07,2026-07-11
高旭,唐超,49,2,2023-01-01,2025-01-11
刘阳,刘明明,49,2,2023-01-29,2026-01-31
郭耀嵘,张琛,49,2,2023-02-23,2026-08-29
孙化卓,李子健,49,2,2023-04-28,2024-09-17
何亮辰,陈沁,49,2,2023-05-04,2026-08-23
王嘉,邹楚瑜,49,2,2023-07-07,2025-08-08
郭泽学,王雅馨,49,2,2024-08-04,2026-05-02
邓茹月,唐子晗,49,2,2024-08-04,2026-06-13
金圣权,韩涵,49,2,2025-04-13,2026-06-28
滕春鹏,郭俊宇,49,1,2023-01-25,2024-12-20
胡超政,谢馨仪,49,1,2023-02-03,2026-05-31
徐均朔,孙礼杰,49,1,2023-03-18,2026-06-27
杨雨婷,李佳璐,49,1,2023-10-26,2024-12-07
谭建业,王雨,49,1,2024-03-06,2024-11-26
王文轩,何子康,49,1,2024-12-23,2025-10-25
姜均,宗雪健,49,1,2024-12-24,2026-06-18
夏振凯,明家歆,48,5,2022-12-22,2026-09-12
郑艺彬,白倬铭,48,5,2024-07-20,2026-10-03
于滨嘉,李珏,48,4,2023-05-12,2026-11-20
丁辰西,宁梦恬,48,4,2023-07-23,2026-07-26
胥子含,王珏语涵,48,4,2023-10-04,2026-09-22
姜均,白瀚祥,48,3,2022-08-26,2026-06-16
桑可舟,刘宇希,48,3,2022-12-03,2026-07-08
李秋盟,朱亮,48,3,2023-01-12,2026-08-05
刘乙萱,朱家鹏,48,3,2023-02-17,2026-09-12
吴杭律,高尔金宝音,48,3,2023-05-18,2026-07-04
于滨嘉,温升宝,48,3,2023-07-01,2026-08-07
毛二,车鸣笛,48,3,2023-08-22,2026-09-13
胡芳洲,叶麒圣,48,3,2023-11-04,2026-10-25
李秋盟,冯镝霏,48,3,2024-01-13,2026-09-12
冯远,唐超,48,2,2023-01-04,2024-12-07
于晓璘,冒海飞,48,2,2023-02-16,2026-10-06
李秋盟,陈志,48,2,2023-04-07,2026-08-06
邹楚瑜,潘天国,48,2,2023-07-07,2025-08-08
郭泽学,唐子晗,48,2,2024-08-04,2026-03-14
刘令飞,徐梦,48,1,2023-01-07,2025-04-18
崔恩尔,张琛,48,1,2023-03-16,2026-10-02
杨君军,云孟和,48,1,2023-04-30,2026-06-28
谭建业,闫栋,48,1,2023-05-31,2024-12-07
安婧祎,谭建业,48,1,2023-06-16,2024-04-30
谭建业,刘玥岑,48,1,2023-09-24,2024-11-22
殷赫阳,李佳璐,48,1,2023-10-17,2024-11-13
张书豪,刘玥岑,48,1,2024-01-26,2024-11-22
胡芳洲,宗雪健,48,1,2024-12-24,2026-06-20
顾易,徐佳文,47,7,2023-07-15,2026-06-12
薛钦元,刘子赫,47,6,2024-08-08,2026-08-07
王瀚宇,倪晔,47,5,2023-04-13,2026-06-10
姜均,霍泽安,47,5,2023-11-12,2026-06-18
桑可舟,叶麒圣,47,4,2022-12-03,2026-05-03
郭虹旭,周波,47,4,2023-01-07,2026-01-20
王逸飞,李佳音,47,4,2023-01-08,2026-06-27
李秋盟,宁梦恬,47,4,2023-08-30,2026-01-28
孙一城,陈诗,47,4,2024-07-12,2026-08-16
吴俊鹏,张云轩,47,3,2022-12-11,2026-09-25
王世鑫,杜舟,47,3,2023-02-18,2025-06-29
刘乙萱,吴以瀚,47,3,2023-04-28,2026-09-11
周文嘉,宁梦恬,47,3,2023-07-07,2026-06-21
牛博为,陈科铭,47,3,2023-09-20,2026-04-01
郑艺彬,赵凡嘉,47,2,2023-04-02,2026-10-06
于梦滢,连江维,47,1,2023-01-05,2025-01-09
胡超政,宗雪健,47,1,2023-02-03,2025-12-28
于梦滢,唐超,47,1,2023-02-08,2025-01-11
李嘉骏,李子健,47,1,2023-02-11,2024-07-06
徐均朔,刘岩,47,1,2023-03-18,2026-06-26
李乐尧,吴以瀚,47,1,2023-05-01,2026-09-11
曾鑫,杜牧,47,1,2023-08-10,2026-08-15
刘靖,孙紫薇,47,1,2023-09-10,2024-07-18
孙晶俐,刘玥岑,47,1,2023-09-24,2024-11-21
尉梦飞,王雨,47,1,2024-02-25,2024-11-26
陈韬,王晶琬,47,1,2024-10-05,2026-01-23
李信,黄玟宇,47,1,2025-03-21,2026-02-07
王泽霖,韩涵,47,1,2025-04-13,2026-06-19
张天玮,张泽浩,47,1,2025-05-28,2026-06-19
邓贤凌,胥子含,46,6,2023-01-07,2026-11-14
刘政,赵洪博,46,4,2022-12-11,2026-03-28
沈育奇,卢翰林,46,4,2023-10-05,2026-03-01
吴俊鹏,刘政,46,3,2022-12-11,2024-05-05
徐瑶,蒋倩如,46,3,2023-03-10,2026-09-15
倪晔,刘钊,46,3,2023-03-10,2025-10-05
郑艺彬,祝颂皓,46,3,2024-07-16,2026-09-26
王玙璠,高旭,46,2,2023-01-01,2024-12-27
冯远,郭俊宇,46,2,2023-02-10,2025-01-10
智博闻,于梦滢,46,2,2023-02-11,2026-04-04
桑可舟,潘珏辰,46,2,2023-03-10,2026-08-09
陈茜雅,褚威,46,2,2024-01-28,2025-10-19
姜均,冯镝霏,46,2,2024-12-24,2026-06-11
张玮伦,冯镝霏,46,2,2024-12-27,2026-09-26
林子兴,王泽霖,46,2,2025-04-11,2026-06-19
华英杰,韩涵,46,2,2025-04-13,2026-06-28
李卓远,刘晓燕,46,1,2022-12-30,2025-11-16
吴杭律,郭俊宇,46,1,2023-01-25,2025-01-03
郑棋元,陈韬,46,1,2023-02-03,2026-05-31
陈韬,谢馨仪,46,1,2023-02-03,2026-05-31
铭亮,董志勇,46,1,2023-02-25,2024-08-24
江东旭,杨亚辉,46,1,2023-04-29,2026-09-12
杨亚辉,帕赛,46,1,2023-04-29,2026-09-12
杨君军,高尔金宝音,46,1,2023-04-29,2026-09-12
李乐尧,杨亚辉,46,1,2023-05-03,2026-09-12
谭建业,江柏成,46,1,2023-05-31,2024-02-12
胡芳洲,冯镝霏,46,1,2024-12-24,2026-06-17
张智涵,宗雪健,46,1,2024-12-24,2026-06-20
黄玟宇,陈玥融,46,1,2025-03-15,2026-02-07
金圣权,林子兴,46,1,2025-04-11,2026-06-07
丁伟,刘畅,46,1,2025-07-04,2026-09-06
赵晏伯,刘畅,46,1,2025-07-04,2026-09-02
钟嘉诚,邵立君,45,10,2025-02-14,2026-10-07
邵奕磊,李存贤,45,6,2023-01-12,2026-07-23
丁辰西,党韫葳,45,6,2023-08-18,2026-08-29
邵奕磊,赵霄汉,45,5,2023-03-10,2024-12-14
明家歆,桑可舟,45,5,2023-05-28,2026-07-08
霍泽安,邵玎,45,4,2024-03-02,2026-09-30
徐杭,蔡淇,45,3,2022-02-25,2024-11-23
周波,李佳音,45,3,2023-01-07,2024-10-07
何亮辰,徐均朔,45,3,2023-01-11,2026-05-28
蒋倩如,倪晔,45,3,2023-03-10,2025-05-31
申霓,刘乙萱,45,3,2023-04-04,2026-01-18
樊苏颐,黄圣淇,45,3,2024-10-23,2026-06-21
庞盛之,胡超政,45,2,2023-02-03,2026-05-28
于梦滢,郭俊宇,45,2,2023-02-08,2025-01-10
申帅,王佳璇,45,2,2023-02-25,2026-06-18
王颢珏,李珏,45,2,2023-02-25,2026-07-29
智博闻,滕春鹏,45,2,2023-03-19,2025-11-22
李珏,车鸣笛,45,2,2023-04-14,2026-08-30
李子健,乌尼思,45,2,2023-12-22,2024-10-27
毋子玥,李君傲,45,2,2024-03-18,2026-06-10
曾阵,武冠辰,45,2,2024-10-01,2026-08-16
白子涵,张泽浩,45,2,2024-12-23,2026-05-16
李金阳,张泽浩,45,2,2024-12-23,2026-05-16
胡芳洲,张泽,45,2,2024-12-27,2026-10-06
白子涵,林子兴,45,2,2024-12-28,2026-05-16
华英杰,邹宇昂,45,2,2025-04-11,2026-07-25
滕春鹏,高旭,45,1,2023-01-01,2025-01-11
陈旭茂,于梦滢,45,1,2023-01-05,2025-01-04
高天鹤,金天泽,45,1,2023-02-25,2023-11-25
闫栋,江柏成,45,1,2023-05-31,2024-01-01
孙紫薇,王笑语,45,1,2023-08-08,2024-07-18
夏振凯,张殿宇,45,1,2023-08-28,2026-05-15
田恬,李佳璐,45,1,2023-10-26,2024-12-07
王敏辉,朱佳艳,45,1,2023-11-11,2026-03-15
林梦圆,张潇寒,45,1,2024-01-25,2024-11-22
潘龙,龚泽镪,45,1,2024-10-02,2025-06-20
邵玎,冯镝霏,45,1,2024-12-24,2026-06-19
冯镝霏,李季,45,1,2024-12-24,2026-06-19
张泽浩,邹宇昂,45,1,2025-05-28,2026-06-19
陈辰,王阳,45,1,2025-10-02,2026-07-25
王洁璐,叶嘉雯,44,7,2022-02-25,2026-09-12
王敏辉,遇泓羊,44,6,2022-02-25,2026-10-11
徐昊,李苏霖,44,6,2023-01-04,2026-09-04
相征,钱安琪,44,5,2023-03-23,2026-08-22
邵奕磊,曹牧之,44,5,2023-06-08,2026-08-22
徐佳文,洪果,44,4,2023-07-27,2026-08-18
牛博为,施博威,44,4,2024-04-04,2026-08-09
白瀚祥,邵玎,44,3,2022-02-25,2026-06-20
智博闻,吴杭律,44,3,2023-02-11,2026-06-28
吴以瀚,邵奕磊,44,3,2023-03-10,2026-06-13
毋子玥,华英杰,44,3,2023-09-23,2026-07-26
郭虹旭,纪晓坤,44,3,2023-09-23,2025-01-04
毋子玥,白子涵,44,3,2024-03-18,2026-06-28
张云轩,刘政,44,2,2022-12-08,2024-05-05
吴杭律,王玙璠,44,2,2023-01-01,2024-12-08
冯远,连江维,44,2,2023-01-05,2024-12-07
刘阳,宋元明,44,2,2023-02-04,2026-01-14
刘浩冉,刘岩,44,2,2023-03-03,2026-10-03
高尔金宝音,于梦滢,44,2,2023-03-11,2026-08-31
何亮辰,王峙儒,44,2,2023-05-04,2023-11-11
何亮辰,吴勃臻,44,2,2023-05-04,2023-11-11
杜牧,王常凯,44,2,2023-08-26,2026-08-01
白举纲,徐梦,44,1,2023-01-07,2025-04-11
赵嘉艳,刘泽星,44,1,2023-01-08,2026-07-05
马灵奇,宗雪健,44,1,2023-02-03,2025-12-28
徐均朔,张琛,44,1,2023-02-23,2026-06-20
张雅琪,董志勇,44,1,2023-02-25,2024-08-24
董志勇,刘泽蓬,44,1,2023-04-01,2024-08-24
朱家鹏,云孟和,44,1,2023-04-30,2026-06-28
何亮辰,李忻润,44,1,2023-05-04,2023-11-11
金圣权,郑棋元,44,1,2023-05-11,2024-11-23
金圣权,赵禹钧,44,1,2023-05-11,2024-11-23
林梦圆,刘玥岑,44,1,2023-09-24,2024-11-22
朱佳艳,张嘉豪,44,1,2023-11-11,2026-03-12
王敏辉,郭珍艳,44,1,2023-11-18,2026-06-01
潘龙,王晶琬,44,1,2024-10-02,2025-06-21
元佳辰,王晶琬,44,1,2024-10-05,2026-03-20
张智涵,冯镝霏,44,1,2024-12-24,2026-06-14
宗雪健,冯镝霏,44,1,2024-12-24,2026-06-19
华英杰,林子兴,44,1,2025-04-11,2026-05-16
武阳坤,韩涵,44,1,2025-04-12,2026-06-19
王泽霖,王禹皓,44,1,2025-04-13,2026-06-19
赵雨卉,党韫葳,43,8,2024-03-07,2026-09-27
李政绪,施博威,43,5,2023-01-01,2026-08-15
吴志军,申帅,43,4,2022-11-25,2026-06-20
王帅,李卓远,43,4,2022-12-30,2025-11-16
郭虹旭,遇泓羊,43,4,2023-01-15,2025-03-12
宋元明,王逸飞,43,4,2023-02-11,2026-09-19
曹牧之,陈科铭,43,4,2023-04-23,2026-05-09
朱亮,陈楷,43,3,2023-04-04,2026-08-22
于滨嘉,施博威,43,3,2023-05-03,2026-08-27
唐浩瑜,杜牧,43,3,2023-09-23,2026-09-13
郭颂兰,刘威,43,3,2023-10-15,2026-06-28
曾鑫,郑金铠,43,3,2023-12-30,2026-08-08
郭颂兰,王胜强,43,3,2024-01-28,2026-06-28
蔡淇,朱佳艳,43,2,2023-02-03,2026-03-15
于晓璘,江东旭,43,2,2023-04-28,2026-09-12
吴以瀚,杨映宇,43,2,2023-04-28,2025-10-13
李秋盟,邵玎,43,2,2024-01-31,2026-06-16
朱家鹏,张琛,43,2,2024-03-08,2026-10-02
于晓璘,邓欣锐,43,2,2024-05-04,2026-09-12
刘阳,黄玟宇,43,2,2024-09-13,2024-11-17
杜牧,叶锐,43,2,2025-03-26,2026-08-06
皮云赫,韩涵,43,2,2025-04-12,2026-06-28
高杨,韩涵,43,2,2025-04-12,2026-06-28
王帅,刘晓燕,43,1,2022-12-25,2025-11-23
吴杭律,唐超,43,1,2023-01-01,2025-01-11
何亮辰,马灵奇,43,1,2023-02-03,2026-05-31
朱芾,乐巍,43,1,2023-02-09,2024-04-28
赵禹钧,乐巍,43,1,2023-02-09,2024-04-28
李宸希,高天鹤,43,1,2023-02-25,2024-08-24
于晓璘,高尔金宝音,43,1,2023-04-28,2026-09-12
杨亚辉,高尔金宝音,43,1,2023-05-02,2026-09-12
何亮辰,樊苏颐,43,1,2023-05-04,2023-11-11
刘令飞,周孟涛,43,1,2023-05-06,2023-11-12
韩烨,周熙智,43,1,2023-10-19,2024-11-19
王笑语,周熙智,43,1,2023-11-07,2024-11-24
刘靖,张潇寒,43,1,2024-01-25,2024-11-26
李培智,白子涵,43,1,2024-03-17,2025-09-12
杨闫乐,李培智,43,1,2024-03-18,2026-06-22
杨闫乐,李君傲,43,1,2024-03-18,2026-06-22
刘阳,任静怡,43,1,2024-09-13,2024-11-17
李金哲,任静怡,43,1,2024-09-13,2024-11-17
李金哲,黄玟宇,43,1,2024-09-13,2024-11-17
武阳坤,任静怡,43,1,2024-09-13,2024-11-17
武阳坤,黄玟宇,43,1,2024-09-13,2024-11-17
乐巍,任静怡,43,1,2024-09-13,2024-11-17
乐巍,黄玟宇,43,1,2024-09-13,2024-11-17
郑正,任静怡,43,1,2024-09-13,2024-11-17
郑正,黄玟宇,43,1,2024-09-13,2024-11-17
郑玲,任静怡,43,1,2024-09-13,2024-11-17
郑玲,黄玟宇,43,1,2024-09-13,2024-11-17
蒋梦诗,任静怡,43,1,2024-09-13,2024-11-17
蒋梦诗,黄玟宇,43,1,2024-09-13,2024-11-17
李曌,任静怡,43,1,2024-09-13,2024-11-17
李曌,黄玟宇,43,1,2024-09-13,2024-11-17
沈道灵,任静怡,43,1,2024-09-13,2024-11-17
沈道灵,黄玟宇,43,1,2024-09-13,2024-11-17
汪晓宇,任静怡,43,1,2024-09-13,2024-11-17
汪晓宇,黄玟宇,43,1,2024-09-13,2024-11-17
刘贺,任静怡,43,1,2024-09-13,2024-11-17
刘贺,黄玟宇,43,1,2024-09-13,2024-11-17
任静怡,黄玟宇,43,1,2024-09-13,2024-11-17
王晶琬,龚泽镪,43,1,2024-10-02,2026-03-08
申帅,冯镝霏,43,1,2024-12-24,2026-06-17
樊苏颐,冯丽冰,43,1,2024-12-25,2026-06-21
樊苏颐,张玮伦,43,1,2024-12-31,2026-06-17
毋子玥,林子兴,43,1,2025-04-13,2026-05-16
韩志贤,刘畅,43,1,2025-07-04,2026-09-27
陈近东,潘延,43,1,2025-07-04,2026-05-02
张沁丹,赵雨卉,42,12,2023-08-06,2026-10-25
田野,汤佳明,42,10,2023-06-21,2026-07-12
田野,许昌泰,42,8,2023-12-10,2026-09-10
陈旭,何铭海,42,7,2023-02-04,2026-08-30
孙豆尔,卓群,42,5,2023-01-25,2024-03-09
郭虹旭,王敏辉,42,5,2023-02-18,2025-06-21
桑可舟,钱蒙楠,42,5,2023-05-12,2026-08-30
徐杭,白瀚祥,42,4,2022-02-25,2026-06-20
周默涵,丁臻滢,42,4,2022-12-02,2026-07-08
徐瑶,桑可舟,42,4,2022-12-04,2026-08-22
胡迪,于梦滢,42,4,2023-01-05,2024-12-07
于滨嘉,车鸣笛,42,4,2023-06-03,2026-09-13
霍泽安,黄圣淇,42,4,2024-12-31,2026-10-04
王洁璐,白倬铭,42,3,2023-01-07,2026-11-08
吴以瀚,冯鑫垚,42,3,2023-04-29,2026-06-28
淮梓伦,桑云龙,42,3,2023-05-31,2026-10-07
沈育奇,叶宇锋,42,3,2023-08-22,2026-08-28
李怡垚,元佳辰,42,3,2023-09-30,2026-06-12
林大钦,姜义哲,42,3,2023-12-16,2026-12-12
王珏语涵,韩冰儿,42,3,2024-12-20,2026-02-04
徐泽辉,冯镝霏,42,3,2024-12-24,2026-06-19
张智涵,李秋盟,42,3,2024-12-24,2026-06-16
周默涵,刘宇希,42,2,2022-12-03,2026-07-08
王壹,唐超,42,2,2023-01-04,2025-01-11
蔡淇,申帅,42,2,2023-01-08,2024-11-23
孙金瀚,于梦滢,42,2,2023-02-26,2025-01-12
徐瑶,刘钊,42,2,2023-03-10,2026-05-02
王款儿,林瀚青,42,2,2023-03-10,2024-02-17
宋周鑫,武冠辰,42,2,2024-09-25,2026-07-22
李怡垚,胡志勋,42,2,2024-10-01,2026-04-11
刘令飞,翟李朔天,42,2,2024-11-29,2026-10-18
徐泽辉,柳智彦,42,2,2024-12-24,2026-06-20
霍泽安,冯镝霏,42,2,2025-01-01,2026-06-19
黄圣淇,黄骁文,42,2,2025-01-09,2026-06-19
何亮辰,陈韬,42,1,2023-02-03,2026-05-31
张雅琪,铭亮,42,1,2023-02-25,2024-08-24
张雅琪,金天泽,42,1,2023-02-25,2023-11-25
黄唯铭,高天鹤,42,1,2023-02-26,2024-08-24
舒荣波,崔恩尔,42,1,2023-03-19,2026-10-02
张雅琪,刘泽蓬,42,1,2023-04-01,2024-08-24
朱家鹏,冯鑫垚,42,1,2023-04-29,2026-06-28
谭建业,吴凯泽,42,1,2023-06-13,2024-04-28
孙晶俐,王雨,42,1,2024-02-25,2024-11-20
潘龙,方敬萱,42,1,2024-10-03,2025-04-01
李金阳,何子康,42,1,2024-12-23,2025-10-17
徐泽辉,宗雪健,42,1,2024-12-24,2026-06-20
邵玎,宗雪健,42,1,2024-12-24,2026-06-20
樊苏颐,李季,42,1,2024-12-25,2026-06-21
刘凡滔,黄玟宇,42,1,2025-03-15,2026-02-07
邓欣锐,吴以瀚,41,5,2024-05-02,2026-09-11
胡迪,冯远,41,4,2022-08-14,2026-08-22
明家歆,于佳鑫,41,4,2022-12-22,2026-07-10
徐奕然,毛珏懿,41,4,2023-03-11,2024-11-24
徐昊,蒋倩如,41,4,2023-03-17,2026-04-25
刘钊,毛寅东,41,4,2023-05-01,2025-12-07
潘珏辰,徐佳文,41,4,2023-06-13,2026-09-27
王敏辉,白倬铭,41,4,2023-12-28,2026-08-30
徐泽辉,遇泓羊,41,3,2022-02-26,2024-09-15
刘官卫,遇泓羊,41,3,2023-01-15,2026-07-25
周默涵,杜鑫艳,41,3,2023-03-17,2024-08-11
刘秫呈,陈梓煊,41,3,2023-05-19,2025-05-01
薛钦元,欧阳乔子,41,3,2024-08-16,2026-08-23
孙葛川野,于佳鑫,41,2,2022-12-07,2026-05-10
张云轩,罗玉玲,41,2,2022-12-08,2024-09-28
郭虹旭,李佳音,41,2,2023-01-06,2024-08-20
刘阳,连江维,41,2,2023-01-06,2024-10-19
湛嘉丽,张雅琪,41,2,2023-02-25,2024-08-24
湛嘉丽,董志勇,41,2,2023-02-25,2024-08-24
徐瑶,倪晔,41,2,2023-03-10,2024-03-10
陈希琰,潘珏辰,41,2,2023-03-25,2024-02-14
朱家鹏,刘思杰,41,2,2023-04-29,2026-07-01
张鑫澳,曾阵,41,2,2023-05-07,2024-09-28
淮梓伦,袁子玉,41,2,2023-05-12,2026-10-05
李泽熙,赵钱龙,41,2,2023-05-26,2025-10-03
赵嘉恒,郑金铠,41,2,2023-08-12,2026-05-05
许昌泰,叶宇锋,41,2,2023-09-23,2026-05-20
王靖棋,华英杰,41,2,2023-09-24,2026-05-05
淮梓伦,黄湙云,41,2,2023-10-01,2026-10-07
朱家鹏,武阳坤,41,2,2023-11-19,2026-07-01
李坤嘉,宋周鑫,41,2,2024-08-31,2026-08-28
马添龙,刘畅,41,2,2024-11-27,2026-08-27
樊苏颐,柳智彦,41,2,2024-12-31,2026-06-20
唐浩瑜,文亮棋,41,2,2025-04-04,2026-09-20
张云轩,张艺宝,41,1,2022-12-09,2024-09-28
王玙璠,连江维,41,1,2023-01-01,2025-01-11
刘浩冉,刘阳,41,1,2023-01-06,2024-11-17
刘浩冉,李金哲,41,1,2023-01-06,2024-11-17
刘浩冉,武阳坤,41,1,2023-01-06,2024-11-17
刘浩冉,乐巍,41,1,2023-01-06,2024-11-17
刘浩冉,郑正,41,1,2023-01-06,2024-11-17
刘浩冉,蒋梦诗,41,1,2023-01-06,2024-11-17
刘浩冉,李曌,41,1,2023-01-06,2024-11-17
刘浩冉,沈道灵,41,1,2023-01-06,2024-11-17
刘浩冉,汪晓宇,41,1,2023-01-06,2024-11-17
陈旭茂,滕春鹏,41,1,2023-01-13,2025-01-04
胡超政,何亮辰,41,1,2023-02-03,2026-05-31
崔恩尔,孙礼杰,41,1,2023-03-16,2026-10-02
杨君军,刘思杰,41,1,2023-04-29,2026-07-01
淮梓伦,代玮,41,1,2023-05-12,2024-10-26
杨君军,柏宇豪,41,1,2023-06-23,2025-05-04
孙紫薇,韩烨,41,1,2023-08-10,2024-07-05
刘靖,李佳璐,41,1,2023-10-17,2024-11-26
孙紫薇,尉梦飞,41,1,2023-10-18,2024-07-18
杨雨婷,王雨,41,1,2024-02-25,2024-11-26
杨宇威,陈政宇,41,1,2024-10-02,2026-08-29
张梦嫣,陈卓,41,1,2024-10-18,2025-06-28
胡芳洲,李秋盟,41,1,2024-12-24,2026-06-17
江泽辰,冯镝霏,41,1,2024-12-24,2026-06-19
王文轩,王者风,41,1,2024-12-26,2025-10-25
张腾,张弋,41,1,2025-03-14,2026-02-08
张鑫澳,黄玟宇,41,1,2025-03-21,2026-02-07
华英杰,王禹皓,41,1,2025-04-13,2026-06-13
牟溢,刘畅,41,1,2025-07-06,2026-09-27
林丹妮,陈希,41,1,2025-08-30,2026-05-24
陈辰,刘政昀,41,1,2025-10-02,2026-07-25
王阳,刘政昀,41,1,2025-10-02,2026-07-25
陈旭,钱蒙楠,40,7,2023-04-22,2026-08-24
明家歆,刘宇希,40,6,2022-12-22,2026-08-22
孙欣业,王逸飞,40,5,2023-02-05,2026-06-27
张智涵,张博俊,40,5,2023-05-01,2026-10-11
田野,万钰彬,40,5,2024-01-07,2026-09-06
张智涵,张玮伦,40,4,2022-12-24,2026-06-16
吴俊鹏,卓群,40,4,2023-02-11,2024-06-30
李珏,董豫辰,40,4,2023-03-10,2026-09-20
徐泽辉,黄圣淇,40,4,2024-10-23,2026-09-20
翟松,赵洪博,40,3,2023-01-01,2024-10-17
周文嘉,吴杭律,40,3,2023-01-02,2025-11-26
刘官卫,杜钇樵,40,3,2023-01-08,2026-09-27
蛋蛋,刘明明,40,3,2023-02-02,2024-11-22
高尔金宝音,滕春鹏,40,3,2023-03-11,2026-08-21
脱骁尧,孙博,40,3,2023-03-16,2025-01-11
明家歆,徐丽东,40,3,2023-09-10,2026-08-23
明家歆,孙葛川野,40,3,2023-09-24,2026-08-23
郭之阳,臧鲁滨,40,3,2024-12-29,2026-10-02
李磊,赵洪博,40,3,2025-03-28,2026-12-13
李乐尧,帕赛,40,2,2022-11-11,2026-09-12
李乐尧,曹小欠儿,40,2,2023-01-14,2026-06-28
车鸣笛,李佳音,40,2,2023-01-16,2024-10-04
张艺,饶恒宇,40,2,2023-03-12,2024-03-10
高尔金宝音,王逸飞,40,2,2023-05-25,2026-08-28
白瀚祥,赵毅劼,40,2,2023-06-10,2026-06-20
王峙儒,马佳,40,2,2023-06-17,2026-09-17
李秋盟,江泽辰,40,2,2023-11-26,2026-06-17
赵毅劼,冯镝霏,40,2,2024-05-03,2026-06-19
郑金铠,樊哲,40,2,2024-10-03,2026-05-10
徐泽辉,黄骁文,40,2,2024-10-06,2026-06-19
樊苏颐,黄骁文,40,2,2024-10-06,2026-06-19
张智涵,柳智彦,40,2,2024-12-24,2026-06-20
姜均,张玮伦,40,2,2024-12-27,2026-06-16
毋子玥,邹宇昂,40,2,2025-04-13,2026-07-19
周钰斐,邵玎,40,1,2022-02-25,2023-04-23
滕春鹏,连江维,40,1,2023-01-01,2024-12-14
陈韬,宗雪健,40,1,2023-02-03,2025-07-19
白举纲,张玮伦,40,1,2023-02-24,2026-07-04
李宸希,张雅琪,40,1,2023-02-25,2024-08-24
铭亮,金天泽,40,1,2023-02-25,2023-11-25
安婧祎,江柏成,40,1,2023-04-26,2024-01-28
