artist_id,name,shows,musicals
478,夏阳,9528,19
143,严小北,6327,19
304,徐步超,5096,13
315,周波,4906,10
864,周靖杰,4896,12
605,李信,4740,11
677,廖婧媛,4488,12
572,施天玮,4304,16
213,傅祥安,4260,15
289,周文嘉,3910,10
843,牛博为,3824,8
959,董豫辰,3816,12
761,高尔金宝音,3770,9
2451,周一男,3674,11
858,曾鑫,3640,10
298,刘官卫,3586,11
294,张琦铭,3504,11
842,郝李英杰,3474,8
857,脱骁尧,3450,10
268,吴俊鹏,3421,9
1769,王款儿,3388,13
312,刘牧,3312,11
1082,王桓,3289,13
752,朱家鹏,3240,7
430,江泽辰,3223,9
333,刘阳,3213,9
713,赵毅劼,3080,11
603,李卓远,2976,12
1399,张铎,2940,14
1625,周宇杰,2912,13
2639,陈壬权,2850,13
26,胡芳洲,2838,11
321,卓群,2821,12
2876,褚威,2816,9
570,白一博,2772,12
1019,刘明明,2772,7
302,杜航,2750,8
908,陈旭茂,2728,8
960,尹智博,2720,6
964,宋凯文,2718,9
2020,王珏语涵,2700,9
499,孙乐仟,2684,9
828,张智伟,2670,10
23,赵禹钧,2532,11
1780,朱羿达,2520,9
219,李梓溪,2519,11
1918,尤宣程,2492,12
981,张鑫澳,2480,7
1085,于梦滢,2443,7
894,田梦,2420,11
750,江东旭,2405,12
1018,李子涵,2400,8
853,郭洧江,2359,7
42,吴勃臻,2268,8
666,诸葛北辰,2256,11
275,申霓,2255,11
278,于佳鑫,2244,12
97,蔡忻如,2236,13
314,毛寅东,2200,10
680,智博闻,2136,5
1305,张琛,2136,8
224,李泽熙,2120,8
957,温升宝,2090,4
1188,潘龙,2080,9
2950,黄思惟,2040,10
571,马灵奇,2016,8
479,曹珺,2013,11
2648,巴文豪,1992,8
965,元佳辰,1984,7
863,唐浩瑜,1981,7
1370,宋周鑫,1974,6
427,白瀚祥,1971,8
1080,钟子崴,1970,9
834,曹小欠儿,1884,11
178,郝晓辉,1848,11
296,刘政,1845,8
2181,王博睿,1820,7
1169,赵嘉恒,1792,7
1262,毋子玥,1760,11
286,湛嘉丽,1749,11
1084,王玙璠,1744,8
3071,张梁,1728,6
1404,高天鹤,1716,9
988,刘秫呈,1708,7
3285,陈政宇,1708,6
226,崔承宇,1700,10
859,张毅凯,1688,7
676,许放星,1680,7
985,梁宵默,1674,9
782,姜呈洋,1672,7
909,薛尚文,1656,6
303,刘钊,1640,7
105,刘一谷,1611,8
1012,李佳音,1610,6
1126,陈姝月,1610,10
221,蛋蛋,1593,9
317,朱涵彬,1590,6
1846,武冠辰,1590,6
95,夏振凯,1562,11
3132,杨浩然,1561,7
222,徐奕然,1560,9
316,饶恒宇,1560,9
2007,汤邵文,1551,9
307,罗玉玲,1547,7
962,车鸣笛,1542,6
1189,马海生,1530,9
242,丁伟,1529,10
2282,樊哲,1528,7
856,杨宇威,1525,5
2219,谭建业,1516,3
301,张旭辰,1488,11
987,张艺,1480,8
3201,黄圣淇,1460,8
1898,张弋,1440,7
970,韩佳旭,1432,8
620,米晨晨,1428,13
19,朱芾,1421,7
772,陈棋尔,1416,8
3384,孙义清,1404,8
685,暴晓萱,1393,7
967,孙博,1379,7
3234,郭之阳,1377,9
984,李坤嘉,1356,4
3174,叶锐,1350,6
291,刘晓,1340,9
102,赵穆宸,1332,11
496,丁辉,1320,11
1190,覃一凡,1320,8
1508,王靖棋,1314,7
975,王世鑫,1308,6
2896,白子涵,1242,9
1210,赵凡嘉,1240,7
229,恩妤,1236,6
282,王子浠,1233,8
755,丁宇佳,1216,8
2110,欧阳乔子,1216,8
983,曾阵,1215,5
1842,张书豪,1215,2
17,郑棋元,1211,7
217,孙金瀚,1190,5
2165,王炳,1176,7
2871,田祥晔,1176,7
698,王壹,1170,6
602,王帅,1164,6
2094,赵晏伯,1143,9
2622,冯镝霏,1127,7
2179,郑金铠,1116,4
855,赵霄汉,1115,5
3239,蒲铖,1107,9
1088,连江维,1105,5
1779,庞东轩,1104,8
2573,张嘉豪,1100,4
1089,高旭,1099,6
322,毛珏懿,1096,7
901,井彦乔,1096,8
3247,黄玟宇,1074,5
1029,潘蕾蕾,1060,10
1541,武阳坤,1055,5
3366,何严浩,1050,5
2572,郭珍艳,1040,4
43,陈沁,1030,5
1408,董志勇,1017,8
626,王明怡,1015,7
3166,韩冰儿,1001,7
1506,王嘉,980,7
3405,林子兴,978,6
3232,栾靖宇,976,8
177,孙葛川野,968,8
1091,唐超,932,4
2216,杨闫乐,930,7
784,李泽晨,928,6
1608,娄睿,924,7
210,姜均,915,5
1087,郭俊宇,915,5
295,张云轩,912,5
2228,田恬,906,3
1796,宗雪健,905,4
715,周惠怡,904,8
974,杜皓云,904,8
1768,刘晓燕,900,6
2364,范可妮,896,5
1540,李金哲,888,6
2440,华英杰,880,7
22,庞盛之,876,6
2012,刘羿含,870,6
104,黄天宇,869,9
1754,申帅,865,4
2537,张家祺,858,6
762,吕润桐,856,8
1706,席同歌,856,7
3604,王喆,850,9
907,沈恬,848,4
607,张腾,846,6
753,杨映宇,846,5
1577,于洋,840,11
1539,卞佳平,834,6
1627,陈韬,830,5
3621,杨悦,828,8
265,姜彬,816,7
1863,徐蜜聪,816,6
3238,陈蕴,800,7
3246,张雨桐,798,7
774,孙叶雨,786,6
1208,付翔,786,6
2023,黄湙云,784,8
2223,孙晶俐,784,1
2539,罗明晖,784,7
3208,邓茹月,775,5
1257,代玮,774,9
323,邹子月,763,6
3296,安吉儿,760,4
1173,苗梦初,752,8
978,杜舟,750,5
1659,赵嘉豪,750,6
982,文振宇,744,4
1083,刘勃汐,744,6
1584,朱佳艳,744,4
1034,郭禹良,736,4
3117,陈卓,736,4
757,帕赛,735,4
37,李宸希,728,7
509,徐梦,720,6
3475,吴嘉怡,714,5
966,冯文彦,705,4
1710,刘宇希,700,6
623,李昊阳,693,7
906,易群,693,5
36,马添龙,690,5
2926,刘君豪,690,6
1035,李子健,676,4
3072,申昊川,672,6
1691,李俊杰,670,5
578,葛洧吟,660,4
3567,陈佳艺,654,6
1031,鲁芳岐,650,5
3393,李伯尧,648,4
580,贾景伊,642,6
3209,唐子晗,640,4
1125,闫乐湟,635,5
958,左溢,633,3
1237,张淼龙,630,5
3073,梁庆海,630,3
491,李乐尧,620,4
3559,郭美冉,616,7
1694,刘放,612,9
3242,刘凡滔,612,4
2705,张天玮,609,6
192,王书琦,606,6
604,梁汉,595,7
574,管重昊,575,5
3754,龙一豪,574,7
41,王峙儒,573,3
1542,乐巍,572,4
263,瞿艺,567,6
972,杨博皓,565,4
2284,郑婉霞,565,4
581,赵子萌,558,5
606,陆艺火,558,6
2462,张芷妍,555,5
2082,王晶琬,544,3
2283,王佑名,539,7
1327,何若水,534,6
233,杨济连,532,6
469,贾凡,532,7
1620,钱海睿,528,6
991,汤俊军,525,4
1700,尚一航,522,6
625,赵昀迪,518,7
711,宗俊涛,504,7
277,莫海婧,490,7
917,王国栋,490,5
3075,苏锡凡,490,5
220,张梦嫣,480,5
835,黎宛曈,480,4
3048,王晨旭,480,5
3386,唐晨怡,480,6
3385,廖若彤,475,4
353,李浩楠,472,4
147,周国帅,469,7
2229,江柏成,468,2
3190,刘恒瑜,462,5
144,陆宇鹏,456,6
1161,王樵知,456,8
1411,刘丁松,456,6
3054,皮云赫,456,6
668,王富有,444,3
1921,郭泽学,444,4
2767,马凯漪,444,6
2227,梁广,440,2
759,云孟和,438,3
1587,范金锴,435,5
2017,张诗漫,435,5
3596,马啸,435,5
2906,张皓星,434,7
573,缪卓凡,430,5
228,周钰斐,428,4
2698,牟潇钰,420,5
780,黄偲,413,6
1263,桑云龙,413,5
3509,张子扬,408,6
98,崔秀丽,406,7
2224,林梦圆,405,1
1582,张光磊,402,5
622,奇煜,399,6
2810,秦宇星,396,5
969,张鼎棋,390,3
2784,袁泽智,390,5
707,李怡垚,387,3
2835,韦岸,384,6
1511,林世杰,380,4
3053,李金阳,380,3
497,陈晓琼,378,6
2053,肖颖婕,378,6
551,温雅祺,376,4
510,蒋依敏,372,4
1573,项裕,372,4
1867,杨磊,368,3
215,马良,365,5
3462,王泽霖,365,5
2180,王常凯,362,2
979,范杰,360,4
2829,韩志贤,360,5
3569,潘延,360,3
2482,李科,357,6
3566,陈近东,356,3
426,王梓庭,355,5
687,陈博翰,352,4
279,杨琳,350,5
2221,杨雨婷,347,1
3558,黄轶,345,5
1170,姚一依,340,5
3484,文亮棋,339,3
1030,宁馨儿,336,3
2774,乌尼思,336,2
3295,应忆俊,336,5
173,孙圣凯,335,3
1668,刘烨,332,4
1630,袁野,330,5
3085,李晨源,330,6
3219,乌丽雅苏,330,5
1079,刘洪书,328,3
1166,叶思琳,328,4
1174,付世刚,324,3
1845,戴家晟,324,3
1730,郭炳琨,322,1
1416,杨璐,318,5
283,陈希琰,312,4
624,徐天戈,312,8
992,陈梓煊,312,3
1707,索朗顿珠,310,5
3119,沈哲祺,310,5
505,白举纲,309,2
3266,周崇祥,304,4
1844,曹屿辰,303,3
3564,高泽锴,300,5
3568,汤楷,300,3
990,王皓,297,3
2783,张飞扬,297,3
508,亚森,296,4
688,许嘉芸,296,4
310,傅震华,295,5
2028,李泽楷,288,4
2226,殷赫阳,288,1
3189,石恩知,288,4
3302,张泽浩,288,3
3563,黎濮宁,288,6
1650,陈诗丹,282,5
1971,钟嘉媚,282,3
2729,黄磊,280,5
3303,邹宇昂,280,4
308,张雅琪,276,3
33,潘杭苇,273,3
1033,孙化卓,273,3
1086,褚俊驰,273,3
1415,陈茜雅,273,3
227,赵丹霓,270,3
1256,淮梓伦,270,3
3394,徐晨曦,270,5
1176,刘泽星,268,2
2629,郭颂兰,268,4
760,刘思杰,252,4
845,周仕麒,252,4
861,郑文博,252,3
2365,许诗翊,252,3
3606,彭智宇,252,6
3391,戴玉龙,249,3
2953,廖哲珣,248,4
3199,胡格畅,248,3
1901,赵云霄,245,5
2643,尉梦飞,245,1
678,朱芷秋,244,4
3235,臧鲁滨,243,3
3367,赵轩民,240,3
825,霍京晖,234,3
1394,马佳,222,3
3210,王雅馨,222,2
747,杨君军,220,2
1849,李金城,220,4
2218,安婧祎,218,1
1810,刘靖,217,1
2050,牟溢,216,3
3292,李季,216,2
1776,高星衍,215,4
3294,胡志勋,214,2
2034,林瀚青,212,4
170,潘艺琳,210,5
3370,吴冠锋,210,4
3581,范宇澄,208,4
832,秦子淳,207,3
2484,郭毕东,204,3
2633,陈雨秋,204,4
1544,郑正,200,2
1547,蒋梦诗,200,2
2101,郑玥,200,3
272,江南,198,3
3348,丁梓奕,198,2
2416,王笑语,197,1
358,蒋芸,192,4
831,方银河,192,2
3289,张耀之,192,3
3465,李纪柯,192,4
773,沐里,189,3
1917,蔡璐,189,3
2538,唐飞,189,3
2771,刘治威,189,3
2038,田格,188,4
3757,于诗涵,188,3
3861,魏文隆,185,5
2417,韩烨,184,1
3467,韩涵,184,2
2421,徐磊,183,3
225,吴锦铎,180,4
785,孙澜月,180,5
1919,孙之骥,180,3
2997,许庆泽,177,3
313,王明龙,176,2
236,周显波,175,5
1588,刘禹彤,175,5
1655,邹楚瑜,174,3
2641,周熙智,174,1
1517,俄吉古古,171,3
1400,许沁,170,5
2952,王凌毅,170,5
3128,朱礼顺,170,5
1585,黄晓婕,168,3
2897,李君傲,168,2
3416,王者风,168,2
3497,夏一轩,168,3
350,马学良,164,4
495,于毅,162,3
503,顾轩畅,162,2
3323,刘畅,162,2
3435,张一铭,162,3
1721,张弌铖,161,1
1722,刘爽,161,1
1723,张功长,161,1
1724,罗欢,161,1
1725,李智浩,161,1
1727,陈育新,161,1
1728,吕京,161,1
1261,王迎月圆,160,4
1462,徐栋,160,3
3758,王泽辉,160,3
3854,黄安果,160,5
40,李忻润,159,1
1258,袁子玉,159,3
1711,苏晔,159,3
1861,印小倩,159,3
3187,夏云梦,159,3
139,周可人,156,3
1163,韩逸秋,156,3
2901,胡星瑞,155,5
3521,陈昭如,155,5
1548,李曌,154,2
1403,黄唯铭,153,2
3560,宋苞涵,153,3
1797,谢馨仪,150,2
1813,王骏迪,150,3
2775,赵梓岑,150,3
2965,王佳宽,148,4
2934,王允宸,145,4
910,盛可欣,144,2
2438,张傲生,144,2
2697,张赛怡,144,4
3049,王思佳,144,3
3074,潘华杰,142,2
235,赵雅妮,141,3
3107,周洁旭,141,3
38,周孟涛,140,1
3191,钟楚依,140,4
356,李向哲,138,3
829,张皓哲,138,2
631,李依桐,136,4
1546,郑玲,136,2
2033,李雪银,136,4
2527,侯俊羽,135,3
2635,刘威,135,3
3364,郭洋坤,135,3
3050,冯钰涵,132,3
3202,黄骁文,132,2
3255,张贝伊,132,3
3582,王克遥,132,3
3759,高源,132,4
2867,王胜强,129,3
1758,王佳璇,128,2
2220,吴凯泽,128,1
2998,陈思霖,128,2
3260,佘鹏飞,128,2
1118,刘鑫,126,2
1509,杜豪洪,126,3
1658,潘天国,126,2
1862,黄旖,126,3
2869,郑君炽,126,3
3437,王晶莹,126,2
506,徐梦迪,124,4
2025,袁梦轩,124,4
3264,拜荣基,124,4
3293,冯丽冰,124,2
3744,辛未,124,3
3387,唐瑾,123,3
2158,钱可欣,120,5
2464,王凯,120,5
1401,铭亮,118,2
2898,邵斌,117,3
934,丁星辰,116,2
2746,应雨宸,116,4
3218,李京洙,116,1
3263,胡楚浩,116,4
3544,刘星宇,116,1
3557,高奥,116,1
986,饶克勤,114,2
1162,陈膺浩,114,1
3449,姚嘉艺,114,2
3745,张一雅琦,114,3
1255,袁东方,112,4
1325,张艺宝,112,2
3355,黄子俊,112,4
3631,胡杨玉,112,4
306,彭筱涵,111,3
3747,李然,111,3
1160,林燕婷,110,2
3679,朱媛媛,110,2
1396,陈志鹏,108,3
1866,何岳城,108,2
2772,文颖倩,108,2
3298,龚泽镪,108,1
3314,刘珈茵,108,3
2583,陈彦羽,106,2
2781,于畅,106,2
2933,庞雪倩,106,2
3547,杨雨欣,106,1
779,范浩泽,105,2
2673,陈莹,105,2
3240,肖笛,105,3
319,徐茜,104,2
1695,任静怡,104,2
1708,袁帅,104,3
1827,张呈吉,104,3
3454,强雯,104,4
3561,孙晨恺,104,2
324,陈佳佳,102,2
2225,闫栋,102,1
3471,徐嘉乔,102,3
2222,孙紫薇,101,1
2837,田雨,101,1
431,苗宸宇,100,4
1576,周子钧,100,2
2026,徐晓玥,100,2
2511,李雅伦,100,4
3542,姜宇浩,100,1
3844,黄玫,100,4
1595,高小茜,99,2
609,马志睿,98,2
1652,莫玉滢,98,2
2217,袁也,98,2
3415,何子康,98,1
3520,曹闻放,98,2
2640,杜光祎,97,1
460,李嘉骏,96,1
2232,张新川,96,3
2463,李静怡,96,1
2678,赵辰睿,96,2
3226,陈弈鸣,96,2
3668,赵周权,96,4
748,赵梓冲,94,2
898,黎珂儿,94,2
3338,李烨彤,94,1
1778,杨少泽,93,3
2809,仇毓翔,93,3
833,刁梦雪,92,2
1629,贺梦洁,92,2
3584,陈博石,92,4
311,张益群,90,3
1235,陈芙蓉,90,2
2634,秦立夫,90,3
3495,朱冠霖,90,2
3549,郝英杰,90,1
3594,潘彦如,90,2
1175,黄周,88,1
3118,杭筱玥,88,2
3188,俞佳一,88,2
3407,聂冰雁,88,2
2830,索南,87,3
3716,尼玛雍珠,87,3
2942,赵佳琳,86,2
754,杨亚辉,84,1
1036,周校校,84,2
1406,宋煊宁,84,2
2035,葛泽扬,84,2
2098,王艺璇,84,2
3411,马黑凯杰,84,3
3575,俞烁天,84,3
2507,任真慧,81,3
106,许乐,80,4
3212,周艺聪,80,2
3333,李劲楠,80,1
3608,孙喆,80,2
18,朱梓溶,78,2
1264,许越,78,1
1669,王艺鸥,78,2
2487,谭淳之,78,2
3408,徐梓桓,78,1
3413,王一安,78,1
3551,魏子杰,77,1
2163,刘泉君,76,4
2439,陈熙,76,2
3129,赵海宇,76,2
1412,袁岱,75,3
1549,沈道灵,75,1
1550,汪晓宇,75,1
2397,洪培文,75,3
2480,郭格羽,75,2
2907,张潇寒,75,1
4043,钱琪超,75,3
3231,蔡松廷,74,2
2404,张殿宇,73,1
500,田依凡,72,3
830,孙敬贤,72,2
1651,林梦艾,72,2
1666,杨舒妍,72,3
1709,黄恩茹,72,2
1755,叶秋,72,1
1771,赵磊,72,2
3339,陶诗佳,72,1
3478,王禹皓,72,1
1593,许智淇,70,2
2642,李佳璐,70,1
3401,俞嘉悦,70,2
3625,王千荥,70,2
3682,黄建豪,70,1
32,杨陈秀一,69,1
2011,梁朋杰,69,3
3175,王星雨,69,3
3491,沈俊池,69,3
1656,陈炅明,68,2
2403,黄爽,68,1
3700,雕雕,68,2
3889,龚五岳,68,2
3470,陈玥融,67,1
3556,宋翔宇,67,1
273,丁汀,66,3
1647,徐晞城,66,2
2305,矫子奕,66,3
2423,王晟熙,66,3
2485,蒋一达,66,3
3225,方凌,66,3
3498,陈伟,66,3
3583,张智成,66,3
3620,杨冰冰,66,2
1726,张亚茜,65,1
3297,方敬萱,65,1
2445,杜恒,64,1
3609,孙路悦,64,2
619,李明屿,63,3
817,王烨,63,3
1744,徐晶晶,63,3
1753,王杨,63,3
3183,谭薇,63,3
3574,肖恺翀,63,3
1746,何杉,62,2
2208,王一哲,62,2
2672,王帅,62,2
2674,邝丹洁,62,2
3172,王珂,62,2
3414,王煜菡,62,1
3628,陈希,62,1
1551,刘贺,61,1
893,何郝熙,60,2
1254,谭维维,60,3
1729,杨佐夫,60,1
1902,张心心,60,4
2162,张忆亚,60,2
2281,张金鑫,60,2
2631,赵越,60,2
3746,杨钊,60,2
3883,李星葆,60,2
4045,张佑臣,60,2
3476,林凡靖,59,1
1326,胡洁,58,2
2405,耿凡茜,58,2
3412,王文轩,58,1
4042,乐宸,58,2
549,蔡鹏,57,3
1414,刘泽蓬,57,1
1502,黄子弘凡,57,3
1661,段霁洛,57,1
2029,王尊强,57,3
2147,许环亚,57,2
2149,刘依萍,57,2
3257,许佳露,57,3
3440,段淑曦,57,3
189,陈治佐,56,3
1712,陈梓豪,56,2
2401,陈臻,56,1
3184,蔡鹏飞,56,2
3228,尔江,56,2
3597,陈万鑫,56,2
4021,庄宇豪,56,2
1407,金天泽,55,1
2895,李培智,55,1
2935,王雨,55,1
1701,曹嘉月,54,3
1848,高艺菲,54,2
2441,黄冠菘,54,1
2481,马学帅,54,1
2570,刘玥岑,54,1
3087,赵国砚,54,3
3254,马赫,54,1
3627,翟锦文,54,1
766,柏宇豪,53,1
3477,言佳航,53,1
708,苏诗丁,52,2
1926,谢金格,52,4
2444,赵子璇,52,1
3489,杨优优,52,2
138,单冠朝,51,3
872,张导正,51,1
2506,毛迪,51,3
3548,梁豫,51,1
3855,秦雨晨,51,3
874,左慈婧,50,1
939,谢一溦,50,1
2054,王晶,50,2
2768,李想,50,2
2875,陈津伟,50,2
3150,高玉中,50,2
3550,潘温劼,50,1
3896,乔宇,50,2
2442,左雅,49,1
2443,徐铭聪,49,1
3683,赵星尧,49,1
1505,王浩然,48,2
2008,王梓,48,1
2452,罗晓筱,48,3
3011,刘畅,48,2
3077,杨子言,48,3
3186,李彤,48,2
3381,杨茗滟,48,2
3541,徐宇诸,48,1
3626,林丹妮,48,1
3543,胡泽宇,47,1
827,邓泽镐,46,2
871,凌梦,46,1
1250,曹蕊,46,2
2042,谭睿蕾,46,2
2143,马尚之,46,2
2490,金池,46,2
2636,千悦,46,1
3113,杨烁,46,2
3552,闫雨晨,46,1
4067,杨景予,46,2
1581,邱椿博,45,1
3681,陈奕蓉,45,1
3712,陈辰,45,1
3713,王阳,45,1
4077,欧阳嘉文,45,3
630,崔欣仪,44,2
1398,孙天宇,44,2
2096,卢天,44,2
2105,罗唯豪,44,2
2111,陈昊宇,44,2
3438,张思宇,44,2
3512,袁浩杨,44,2
276,覃子瑄,42,1
672,文邺辰,42,3
891,孟璐,42,3
1090,高瑞杰,42,1
2030,王璀璇,42,2
2407,吴哲晗,42,2
3112,董研峰,42,2
3680,陈雨朦,42,1
1705,娄艺潇,41,1
2178,项倩,41,1
3554,林驿珊,41,1
3715,刘政昀,41,1
234,张睿姝,40,2
1648,陈铉之,40,2
2363,蒋佳君,40,2
3329,王君睿,40,1
3629,罗卓雯,40,1
4062,陈麒好,40,4
2018,江珊,39,3
3439,洛朗·班,39,1
176,张珑腾,38,2
669,蔡润基,38,2
745,刘思维,38,2
1688,李泓辰,38,2
1850,唐一可,38,1
3340,丁诗馨,38,1
3341,周启光,38,1
3417,雷云枫,38,1
3691,李岩,38,2
4214,马安澜,38,2
4220,周子禹,38,1
4322,常金成,38,2
3546,张筱彤,37,1
3714,许漫,37,1
1260,徐梦丹,36,1
2027,刘柏辰,36,2
2402,谢雨,36,1
2814,孔奕懿,36,1
3152,谢华杰,36,2
3256,谭茜,36,2
3390,郭晨晨,36,2
3463,于金石,36,3
3701,梁弘宇,36,1
3808,田宇航,36,3
3857,张璐,36,3
4065,王韬翔,36,2
4313,李泓言,36,2
765,李雨鈊,35,1
1168,缪银海,35,1
3250,王东超,35,1
3406,胡优,35,1
1653,王冠华,34,1
1654,王奕,34,1
1657,高有顺,34,1
1660,朱凯龙,34,1
1772,黄炜帆,34,2
2112,黄龄,34,2
2137,张延上茗,34,1
2569,王禹桐,34,1
2621,陈洁仪,34,1
2656,蔡鼎延,34,1
3111,雷伟峰,34,2
3216,张雨桐,34,1
3241,金谦逊,34,1
3448,李楼,34,1
3676,王艺臻,34,2
4052,葛瑞辰,34,2
1512,文嫣,33,1
2587,张可盈,33,3
3252,宋奕彤,33,1
3706,聂嶢欣,33,1
3711,柏瀚,33,1
1795,薛佳凝,32,1
2070,魏瑾,32,2
2139,李佳颖,32,1
2630,薛昱,32,1
2870,陈诺,32,2
3236,张梁栋,32,2
3245,吴迪,32,1
3316,孙震林,32,2
3332,李浩延,32,1
3409,王子葳,32,1
3555,张杨皓宇,32,1
3603,杨乐怡,32,2
1076,张嘉宇,31,1
2889,李莎旻子,31,1
2995,王腊,31,1
3704,徐贤雅,31,1
3725,孙天姿,31,1
433,石钰铎,30,2
873,王靖涵,30,1
2362,罗月宁,30,1
2426,曾涌麟,30,1
2508,熊泽宇,30,1
2951,刘俊泽,30,2
3168,王天一,30,3
3458,孙千竣,30,2
3545,刘汶炎,30,1
3859,刘栖子,30,2
4380,黄珈鹤,30,2
